img.name,label
car001.jpg,ر ب ل ١ ٨ ٢ ٧
car002.jpg,ى ن ر ٤ ٦ ٢ ٥ 
car003.jpg,ع س ط ١ ٣ ٧ ٥ 
car004.jpg,أ ج س ٤ ١ ٤ ٧
car005.jpg,ق ج ل ٢ ٧ ٣ ٩
car006.jpg,أ ق و ٧ ٥ ٤ ٩
car007.jpg,ق ص س ٣ ٦ ٢ ٩
car008.jpg,ق ج ل ٦ ٢ ٤ ٥
car009.jpg,س ل ر ٤ ٢ ٢ ٨
car010.jpg,ط م ن ٣ ٥ ٩ ٦
car011.jpg,ط ب ج ٣ ٥ ٧ ١
car012.jpg,ف ر ط ١ ٨ ٧ ٢
car013.jpg,أ ص ع ٤ ٥ ٢ ٣
car014.jpg,ص و ن ٢ ٣ ٤ ٩
car015.jpg,أ د ج ٤ ٣ ٨ ٣
car016.jpg,ق س ع ٩ ٣ ٨ ٦
car017.jpg,ق ع أ ١ ٦ ١ ٤
car018.jpg,م د أ ٣ ٧ ١ ٩
car019.jpg,د أ ع ٢ ٨ ٩ ١
car020.jpg,ق م ف ٥ ٦ ٣ ٢
car021.jpg,ه ف ج ٨ ٦ ١ ٧
car022.jpg,و ق ر ٩ ٢ ٥ ٨
car023.jpg,أ س ج ٧ ٦ ٩ ٧
car024.jpg,أ ب ف ٥ ٢ ٣ ١
car025.jpg,أ س ه ١ ٣ ٦ ٥
car026.jpg,ع ه ف ٥ ٨ ٧ ٢
car027.jpg,س ى أ ٩ ٥ ٢ ٩
car028.jpg,أ ص ق ٦ ٩ ١ ٢
car029.jpg,ق م ط ٥ ٩ ٨ ٦
car030.jpg,أ ن س ٨ ٣ ٢ ٦
car031.jpg,أ ى ع ٤ ٥ ٧ ٨
car032.jpg,ف ر د ٨ ٦ ٤ ٧
car033.jpg,أ د ل ٦ ٢ ٤ ٧
car034.jpg,ق ر س ٤ ٢ ٥ ٨
car035.jpg,أ ر ج ٤ ١ ٩ ١
car036.jpg,أ ص ن ٧ ٥ ٩ ٨
car037.jpg,أ ف ه ٨ ١ ٤ ٣
car038.jpg,أ ج م ٤ ١ ٧ ٩
car039.jpg,ن أ س ١ ٦ ٥ ٢
car040.jpg,أ س ع ٥ ٩ ٨ ٢
car041.jpg,أ ن ج ٧ ٤ ٢ ٩
car042.jpg,ق ع ن ٦ ٣ ٨ ١
car043.jpg,أ ر ص ٩ ٢ ٩ ٧
car044.jpg,أ ق ه ٩ ٤ ٧ ٨
car045.jpg,ج م ن ٦ ٢ ٦ ٣
car046.jpg,ل د ج ٦ ٣ ٥ ٢
car047.jpg,ل ى ص ١ ٥ ٣ ٦
car048.jpg,ر ص أ ٨ ٨ ٩ ٣
car049.jpg,أ و ع ٣ ٦ ٤ ١
car050.jpg,ر ى و ٥ ٤ ١ ٢
car051.jpg,ر ه و ٤ ١ ٨ ٧
car052.jpg,ز ه ق ٦ ٣ ٤ ٥
car053.jpg,ر ب ط ٤ ٩ ٥ ١
car054.jpg,أ أ ج ٩ ٦ ٩ ٨
car055.jpg,أ س ق ٥ ٤ ٦ ٩
car056.jpg,أ ب ف ٧ ٦ ٤ ١
car057.jpg,ه أ د ١ ١ ١ ١
car058.jpg,ج ن ن ٦ ٦ ٦ ٦
car059.jpg,ن م د ٧ ١ ٢ ٩
car060.jpg,ق م ر ٧ ٧ ٧ ٧
car061.jpg,أ س ق ٧ ٣ ٤ ٦
car062.jpg,أ ج س ٩ ١ ٣ ١
car063.jpg,أ ص ق ٤ ٨ ٧ ١
car064.jpg,أ ج س ٩ ١ ٣ ١
car065.jpg,ق ع ن ٧ ٨ ٦ ٢
car066.jpg,أ س د ٦ ٦ ٦ ٦
car067.jpg,أ ص و ٧ ٨ ٦ ٥ 
car068.jpg,ف ي ر ٤ ٧ ٣ ٢
car069.jpg,ط ب ف ٣ ٢ ٨ ٧ 
car070.jpg,أ س ع ٥ ٤ ٧ ٢
car071.jpg,أ د ل ٩ ٢ ٦ ٨ 
car072.jpg,ق ل ر ٦ ٣ ٧ ٤
car073.jpg,أ ج ص ٣ ٩ ١ ٦ 
car074.jpg,ل ي س ٩ ٤ ٧ ٦ 
car075.jpg,ط ي أ ٩ ٧ ٦ ١
car076.jpg,أ ن ج ٧ ٤ ٢ ٩
car077.jpg,ع ط و ١ ٧ ٨ ٥ 
car078.jpg,أ ع ج ٣ ٢ ٥ ٧
car079.jpg,ص د أ ٣ ٨ ٧ ٤
car080.jpg,ع ق ج ٦ ٨ ٢ ٢
car081.jpg,أ س ص ٣ ٤ ٢ ٦
car082.jpg,ط ي ب ٥ ٧ ٩ ٢
car083.jpg,أ ط ي ٧ ٥ ٩ ٤
car084.jpg,ف أ أ ١ ٥ ٢ ٤
car085.jpg,أ ج ق ١ ٣ ٥ ٧
car086.jpg,ع ط ي ٨ ٩ ٤ ١
car087.jpg,ق ه و ٢ ٩ ٥ ٨
car088.jpg,ط ب ن ٣ ٦ ٩ ٨
car089.jpg,ج ع أ ٤ ٧ ٢ ٥
car090.jpg,ل و د ٨ ٦ ٢ ١
car091.jpg,أ ج ه ٩ ٤ ٦ ٨
car092.jpg,ط ي ب ٩ ٣ ٢ ٤
car093.jpg,أ ب ج ٢ ٦ ٨ ٦
car094.jpg,أ د ج ٨ ٧ ٧ ٦
car095.jpg,س ق ص ٥ ٧ ٨ ٤
car096.jpg,ق ي أ ٢ ٦ ٥ ٤
car097.jpg,أ ص ق ٩ ٨ ٢ ٣
car098.jpg,م ر ص ٩ ٨ ٣ ٢
car099.jpg,ب ج ط ٥ ٤ ٣ ٧
car100.jpg,م ل ب ٦ ٢ ٧ ٤
car101.jpg,ط د ق ٩ ٣ ٨ ٤
car102.jpg,أ د ج ٧ ٨ ٥ ٤
car103.jpg,م ن ط ١ ٢ ٤ ٧
car104.jpg,ر م ص ١ ٦ ٧ ٩
car105.jpg,أ ف ط ٣ ٥ ١ ٩
car106.jpg,د و ج ٥ ٧ ٤ ٨
car107.jpg,أ د ص ٩ ٢ ٣ ١
car108.jpg,ق ج و ٨ ٢ ٤ ٦
car109.jpg,ع ب د ٣ ٢ ٨ ٣
car110.jpg,أ ر ج ٣ ٤ ٦ ٥
car111.jpg,ب أ ص ١ ٤ ٨ ٥
car112.jpg,ن ر أ ٣ ٩ ٧ ١
car113.jpg,أ م ن ٢ ٦ ١ ٩
car114.jpg,أ ج ل ٥ ٧ ٩ ١
car115.jpg,ق د ى ٤ ٦ ٢ ٥
car116.jpg,م ص ط ٣ ٧ ١ ٦
car117.jpg,ع د ى ١ ٤ ٥ ٦
car118.jpg,ق أ ف ٦ ٨ ٤ ١
car119.jpg,أ د ل ١ ٣ ٥ ٦
car120.jpg,ع ط ى ٢ ٩ ٧ ٤
car121.jpg,ل أ ع ٦ ١ ٨ ٥
car122.jpg,ج م ه ٢ ٥ ٧ ٢
car123.jpg,ر ه أ ٥ ٤ ٤ ١
car124.jpg,ر و ق ٩ ٢ ٤ ٣
car125.jpg,أ م س ٢ ٩ ١ ٧
car126.jpg,ع ى س ١ ٨ ٥ ٧
car127.jpg,ف ه د ٩ ٥ ٤ ٢
car128.jpg,ع ج ب ١ ١ ٢ ٦
car129.jpg,ج ع د ٣ ٧ ٥ ٣
car130.jpg,ط ب ع ٦ ٣ ١ ٥
car131.jpg,ط ى ب ٤ ٢ ١ ٨
car132.jpg,ص د أ ٥ ٤ ٢ ١
car133.jpg,د ف و ٤ ٧ ٩ ٨
car134.jpg,أ س ص ٨ ٣ ٩ ١
car135.jpg,أ ل ن ٦ ٥ ١ ٨
car136.jpg,ع ى ف ٥ ٩ ٣ ٦
car137.jpg,ز ي ن ٤ ٤ ٤ ٤
car138.jpg,ص و ج ٩ ٢ ٨ ٣
car139.jpg,س ط ص ١ ٧ ٩ ٥
car140.jpg,س ه ج ٣ ٥ ٣ ٨
car141.jpg,ط ر ص ٢ ٦ ٥ ٥
car142.jpg,ل ق أ ٩ ١ ٥ ٣
car143.jpg,ل ر ص ٤ ٨ ١ ٣
car144.jpg,أ ب ل ١ ٤ ٦ ٤
car145.jpg,أ س ع ١ ٩ ٣ ٧
car146.jpg,س ف ب ١ ٥ ٧ ٩
car147.jpg,ق ى و ٢ ٨ ٧ ٥
car148.jpg,ل أ ط ٦ ١ ٩ ٢
car149.jpg,أ س ن ٨ ٥ ٧ ٣
car150.jpg,م ع ى ٤ ٨ ٣ ٦
car151.jpg,ن أ س ١ ٦ ٢
car152.jpg,أ ق ع ٦ ١ ٢ ٨
car153.jpg,م د ع ٨ ٩ ٢ ٧
car154.jpg,م ص ق ١ ٥ ٧ ٣
car155.jpg,ب أ د ٣ ٤ ٨ ٢
car156.jpg,ع ج ى ٣ ٤ ٦ ٧
car157.jpg,ع ج أ ٥ ٤ ٤ ٢
car158.jpg,د ر ى ١ ٢ ٣ ٥
car159.jpg,أ ع ق ٢ ٥ ٣ ٩
car160.jpg,ط ب و ١ ٦ ٣ ٧
car161.jpg,أ ى ع ٣ ٢ ٦ ٧
car162.jpg,أ د ج ٢ ٦ ١ ٣
car163.jpg,أ س ق ٩ ٦ ٤ ٥
car164.jpg,أ ر م ٥ ٣ ١ ٤
car165.jpg,أ ر ص ٧ ٥ ٨ ١
car166.jpg,أ ج ص ١ ٤ ٦ ١
img0.jpg,ج ي ١ ٧ ٤ ٤ 
img1.jpg,س د ٤ ٧ ١ ٣
img2.jpg,ف ي ٥ ٦ ٢ ٨
img3.jpg,ط ق ٦ ٩ ١ ٩
img4.jpg,ط ع ٤ ٨ ٩ ١
img5.jpg,ط و ٧ ٣ ٤ ٤ 
img6.jpg,ل ي ٢ ٤ ٩ ٢
img7.jpg,ف ر ط ٦ ٨ ٥ ٢
img8.jpg,س و ٥ ٦ ٣ ٩
img9.jpg,ر و ٤ ٢ ٧ ١
img10.jpg,ب م ٣ ٢ ١ ٥
img11.jpg,ه ق ٢ ٨ ٧ ٨
img12.jpg,ل ق ٩ ٧ ٩ ٣
img13.jpg,و ق ٣ ٦ ٦ ٧
img14.jpg,ا ج س ٣ ٦ ٤ ١
img15.jpg,ق ع ٣ ٨ ٩ ٦
img16.jpg,ا ج ط ٩ ٥ ٩ ٨
img17.jpg,م ج ٨ ٧ ٥ ٩
img18.jpg,ف ج ط ٤ ٦ ٩ ٣
img19.jpg,ق و ٦ ٣ ٦ ٥
img20.jpg,ا م ج ٢ ٦ ٤ ٦
img21.jpg,ا د ط ٨ ٩ ٣ ٩
img22.jpg,ج ي ٧ ٨ ١ ١
img23.jpg,ر ن و ١ ٦ ٣ ٢
img24.jpg,ي م ل ٨ ٧ ٩
img25.jpg,م ب ٤ ٤ ٥ ٢
img26.jpg,و ف ٤ ٦ ٧ ٣
img27.jpg,ط و ٨ ٧ ٩ ٦
img28.jpg,ا د د ٤ ٦ ٢
img29.jpg,ا و ٧ ٤ ١ ٢
img30.jpg,ر ق ٨ ٧ ٢ ٨
img31.jpg,ع ه ٣ ٧ ٥ ١
img32.jpg,ر ي ج ٨ ٧ ٣ ٦
img33.jpg,و ف ٩ ٢ ٥ ٩
img34.jpg,ع ج ص ٥ ٩ ٨ ٧
img35.jpg,و ق ٩ ٥ ٩ ٤ 
img36.jpg,ن د ط ٣ ٨ ٦
img37.jpg,٧ ا م ق ١ ٢ ٨
img38.jpg,ب ا ١ ٤ ٥ ٤ 
img39.jpg,م ع ٧ ١ ٢ ٥
img40.jpg,ع م ط ٣ ٨ ٥ ٤ 
img41.jpg,ق م ٨ ٤ ٧ ٩
img42.jpg,ق ق ٣ ٩ ٣ ٤ 
img43.jpg,ل ق ٦ ٣ ٥ ٤ 
img44.jpg,د ف ٦ ٦ ٤ ٥
img45.jpg,ع س ق ٧ ١ ٤ ٥
img46.jpg,ع ه ط ٨ ٥ ٧ ٤ 
img47.jpg,ف ع ٦ ٧ ٤ ١
img48.jpg,ا ي ص ٥ ٨ ١ ٧
img49.jpg,ه ن ٦ ٢ ١ ١ 
img50.jpg,ن ب ص ١ ٦ ٢
img51.jpg,ق س ب ٨ ٩ ٢
img52.jpg,ط ق ٤ ٨ ٢ ٦
img53.jpg,ن ج ط ٩ ٦ ٨
img54.jpg,ع ن ٥ ٨ ٦ ٢
img55.jpg,ق و ١ ١ ٨ ٢
img56.jpg,ن ل ر ٥ ١ ٦ ٩
img57.jpg,د ل ص ٩ ٥ ٣ ١
img58.jpg,ص ي ٩ ٣ ٥ ٤ 
img59.jpg,ا ع ف ٤ ٧ ٣ ٦
img60.jpg,ه ع ٨ ١ ٤ ٢
img61.jpg,ع م ٥ ٤ ٦ ٨
img62.jpg,ا م ج ٢ ١ ٦ ١
img63.jpg,ع ا ٥ ٧ ١ ٩
img64.jpg,ق د و ٧ ١ ٢ ٤ 
img65.jpg,ن ص ج ٢ ٧ ٤ 
img66.jpg,ص ل ٨ ١ ٤ ٧
img67.jpg,ق د ن ٩ ٣ ٢
img68.jpg,م ج ٨ ٩ ٦ ١
img69.jpg,ط ر ن ٣ ٨ ١ ١
img70.jpg,م ر ص ٦ ٧ ٣ ٩
img71.jpg,ه ل و ٢ ٨ ٥
img72.jpg,ي م ج ٨ ٧ ٢ ٩
img73.jpg,ف و ٨ ٤ ٦ ٧
img74.jpg,م ب ط ٤ ٥ ١ ٨
img75.jpg,ع س ن ٣ ٢ ٥
img76.jpg,ص س ا ٤ ٩ ٦ ٨
img77.jpg,ا ج ي ٩ ١ ٥ ٩
img78.jpg,ا ج ه ١ ٦ ٤ ٢
img79.jpg,ا ف ي ٢ ٨ ٩ ١
img80.jpg,ص ب ٦ ٣ ٤ ٢
img81.jpg,س ي ٦ ٢ ٥ ٥
img82.jpg,ا ع س ٥ ٧ ٦ ٩
img83.jpg,ط ي ٧ ١ ٩ ٦
img84.jpg,و ج ج ١ ٦ ٨
img85.jpg,د ي ٧ ٣ ٥ ٤ 
img86.jpg,ر ج ٤ ٢ ٨ ٨ 
img87.jpg,ب ل ب ٤ ٣ ٥
img88.jpg,ا ق ٧ ٩ ٥ ٣
img89.jpg,د ن ص ٧ ٨ ٤ ٦
img90.jpg,ق ر ل ٤ ٦ ٥
img91.jpg,ع ل ٤ ٣ ٧ ١
img92.jpg,ق ق ١ ٩ ١ ٤ 
img93.jpg,ط د ن ٢ ٥ ٤ 
0.jpg,ط ج ج ٩ ٧ ١ ٥
1.jpg,ل أ ص ٩ ٥ ٢ ٣
10.jpg,ع ر ب ١
100.jpg,ط ع ٦ ٤ ٣ ٥
1000.jpg,ق ن ص ٢ ٦ ٥
1001.jpg,ط ه ن ٤ ١ ٣ ١
1002.jpg,أ ط س ٧ ٤ ٩ ٦
1003.jpg,ن ه أ ٤ ٧ ٨
1004.jpg,س ر أ ٣ ٧ ٢
1005.jpg,ق ى س ٣ ٨ ٥ ٦
1006.jpg,ق ب ط ٥ ١ ٧
1007.jpg,ف م م ٢ ٦ ٣
1008.jpg,ف م م ٢ ٦ ٣
1009.jpg,ى و ج ٦ ٣ ٩
101.jpg,ف ر س ٦ ٦ ٦
1010.jpg,أ ق س ٥ ٦ ١ ٤
1011.jpg,ق ق ل ٥ ١ ٨
1012.jpg,ن ف أ ٧ ٦ ١
1013.jpg,ب ى ب ٥ ٨ ٩
1014.jpg,ف ص أ ٦ ٤ ٢
1015.jpg,ط ه و ٩ ٤ ٦
1016.jpg,م م ع ٥ ٣ ٤
1017.jpg,م م ع ٥ ٣ ٤
1018.jpg,ق ف ن ٨ ٦ ١
1019.jpg,ق ف ن ٨ ٦ ١
102.jpg,ن ب ٩ ٨ ٩ ٥
1020.jpg,ق ف ن ٨ ٦ ١
1021.jpg,ل د ه ٦ ٥ ١
1022.jpg,ن ص ص ٩ ٥ ٧
1023.jpg,س ق ع ٨ ٣ ٢
1024.jpg,ق ل ن ١ ٦ ٩
1025.jpg,أ ج م ١ ٩ ٧ ٨
1026.jpg,ب م س ٣ ٧ ١
1027.jpg,أ ر ج ١ ٣ ١ ٨
1028.jpg,أ ط ع ١ ٦ ٧ ٩
1029.jpg,س ق ج ٦ ٥ ١
103.jpg,د ص ٨ ٢ ٧ ١
1030.jpg,ل ط ن ٨ ٩ ١
1031.jpg,ب د ن ٣ ٤ ٩
1032.jpg,أ ط ج ٧ ٨ ٤ ٦
1033.jpg,ى و ج ٦ ٣ ٩
1034.jpg,أ ر ج ١ ٣ ١ ٨
1035.jpg,س و ٤ ٦ ١ ٥
1036.jpg,ن ل ع ١ ٦ ٤
1037.jpg,ر ق ل ٢ ٥ ٧
1038.jpg,ل ط ن ٨ ٩ ١
1039.jpg,ر د أ ١ ٩ ٨ ٧
104.jpg,ل ط ج ٧ ٦ ٥ ٤
1040.jpg,س ع ل ٦ ٤ ٢
1041.jpg,و ص أ ٩ ١ ٦
1042.jpg,ق ى أ ٢ ٩ ٦ ٥
1043.jpg,ق ى س ٣ ٨ ٥ ٦
1044.jpg,ب و س ٤ ٢ ٨
1045.jpg,س ل ى ٩ ٤ ٨
1046.jpg,أ ج م ٤ ٥ ٣ ٧
1047.jpg,ص ل ع ٦ ٤ ٣
1048.jpg,ف ل ل ٦ ٥ ١
1049.jpg,أ ى ط ٣ ٢ ٦ ٧
105.jpg,ر ر ر ٥ ٥ ٥
1050.jpg,ط ص ن ٨ ٧ ٤
1051.jpg,س ع ع ٦ ٧ ٨
1052.jpg,أ ق ع ٥ ٩ ١ ٤
1053.jpg,ف ل ل ٦ ٥ ١
1054.jpg,ى د ل ٥ ٧ ٣
1055.jpg,ه و ف ٧ ١ ٢
1056.jpg,د ر ف ٢ ٨ ١
1057.jpg,ص و أ ٧ ٨ ٢
1058.jpg,س د م ٣ ٢ ٩ ٧
1059.jpg,ل ه س ١ ٩ ٣
106.jpg,ع ه ٥ ٣ ٢ ١
1060.jpg,ب د ن ٣ ٤ ٩
1061.jpg,م أ ف ٨ ٤ ١
1062.jpg,د ج ل ٥ ٣ ٤
1063.jpg,س ر د ٨ ١ ٦ ٧
1064.jpg,و و ع ١ ٥ ٤
1065.jpg,أ م ج ٥ ١ ٥ ٨
1066.jpg,ص و أ ٧ ٨ ٢
1067.jpg,أ م ط ٩ ٣ ٦ ٤
1068.jpg,ل ن أ ٥ ٢ ٨
1069.jpg,ط ر ر ١ ٥ ٨
107.jpg,ف ج ط ٤ ٥ ٣ ٨
1070.jpg,م و ط ٨ ٢ ٩
1071.jpg,و ر أ ٥ ١ ٣
1072.jpg,و ص ى ٩ ٤ ٥
1073.jpg,م ع ١ ٤ ٧ ٦
1074.jpg,ع ط ب ٦ ٢ ١
1075.jpg,د ف ى ٣ ٢ ٤
1076.jpg,ط م ن ٥ ٣ ٨
1077.jpg,ى أ و ٢ ١ ٧
1078.jpg,أ ب ق ٣ ٨ ٤
1079.jpg,ر د ف ١ ٢ ٣
108.jpg,ن م ل ٣ ٥ ٤
1080.jpg,ق أ ل ٦ ٣ ٢
1081.jpg,ر د ف ١ ٢ ٣
1082.jpg,ط ب ط  ٩ ٧ ٦
1083.jpg,و ص ل ٢ ٤ ٨
1084.jpg,أ ف ط ٤ ١ ٣ ٦
1085.jpg,و ص ى ٩ ٤ ٥
1086.jpg,ج ط د ٦ ٤ ٢
1087.jpg,س ج د ٤ ١ ١ ٨
1088.jpg,أ ن س ٤ ١ ٢ ٨
1089.jpg,ى م ٦ ٣ ٧ ٨
109.jpg,ل أ ف ١ ٢ ٤
1090.jpg,ر ى ٢ ٣ ٥ ٥
1091.jpg,ط ن ٩ ٢ ٨ ٧
1092.jpg,ى و س ٥ ٦ ٤ ٣
1093.jpg,ط ن ٩ ٢ ١ ٢
1094.jpg,ب و ج ٩ ٧ ٤ ٢
1095.jpg,س أ ٣ ٥ ٩ ٩
1096.jpg,د و ق ٥ ١ ٩ ٢
1097.jpg,ر ق ل ٢ ١ ٥
1098.jpg,ن ه ٩ ١ ٨ ٤
1099.jpg,ه ن س ٨ ٩ ٦ ٧
11.jpg,ر ب ج ٥ ٨ ١
110.jpg,أ د م ٧
1100.jpg,د و ٦ ٢ ٥ ٣
1101.jpg,ص ق ن ٤ ٦ ٧
1102.jpg,ب د ن ٥ ١ ٤
1103.jpg,ل و ع ٧ ٨ ٤
1104.jpg,و د ق ٣ ٨ ٩
1105.jpg,ى ط ٧ ٢ ٦ ١
1106.jpg,و و ١ ٤ ٥ ٥
1107.jpg,د ط ط ٦ ٩ ٢
1108.jpg,ر ر س ٤ ٥ ١
1109.jpg,ق ه ى ٩ ٣ ٦
111.jpg,ف ج ط ٦ ٢ ٨ ٣
1110.jpg,ط و ٩ ٣ ٥ ٣
1111.jpg,ط د م ٩ ٥ ١ ٥
1112.jpg,ب ص ق ٧ ٩ ٢
1113.jpg,د ف ٥ ٢ ٦ ٩
1114.jpg,ف ج ٣ ٤ ٦ ٧
1115.jpg,د ق ٤ ١ ٧ ٢
1116.jpg,د و ٤ ٧ ٢ ٦
1117.jpg,د ع ٦ ١ ٧ ٣
1118.jpg,ج م ف ٤ ٢ ٥ ٩
1119.jpg,ى ج س ٣ ٧ ٩ ٢
112.jpg,ب ب ع ٤ ٨ ١
1120.jpg,م ه ٧ ٦ ٩ ٨
1121.jpg,ى ق ٦ ٦ ٣ ١
1122.jpg,أ ل ف ٥ ٨ ٣ ٤
1123.jpg,ج ف ٨ ٤ ٢ ٢
1124.jpg,م ه ٧ ٦ ٩ ٨
1125.jpg,ل ه ١ ٣ ٨ ٢
1126.jpg,س م ٦ ٣ ٥ ٢
1127.jpg,ج ب ب ٧ ٣ ٥
1128.jpg,د ع ٦ ١ ٧ ٢
1129.jpg,أ م ٥ ٨ ٢ ١
113.jpg,ص ج ى ٧ ٦ ٨ ٣
1130.jpg,ط م ٥ ٩ ٢ ٤
1131.jpg,ن ل ٢ ٩ ٨ ٧
1132.jpg,أ ع ٢ ٧ ٥ ٩
1133.jpg,أ ر ى ٨ ٤ ٢ ٩
1134.jpg,ب ن ٤ ٧ ٦ ١
1135.jpg,م و ٤ ٥ ٩ ٧
1136.jpg,ل ه ٧ ٩ ٢ ٦
1137.jpg,أ و ٦ ٥ ٦ ٨
1138.jpg,ف ط ٧ ١ ٨ ٣
1139.jpg,م ج ج ٥ ٧ ١
114.jpg,أ أ أ ٧ ٧ ٧ ٧
1140.jpg,ط ل ٦ ٧ ٢ ٨
1141.jpg,س ف ١ ٤ ٦ ٢
1142.jpg,ط ق ٢ ٤ ٩ ٩
1143.jpg,ف ج ٣ ١ ٦ ٨
1144.jpg,ص ج ٤ ٤ ٧ ٨
1145.jpg,أ م ٨ ٧ ٢ ٤
1146.jpg,س ع ٣ ٦ ٥ ٩
1147.jpg,ط ق ٢ ٤ ٩ ٩
1148.jpg,ف ق ٦ ٢ ٢ ٤
1149.jpg,ط و ٢ ٢ ١ ٨
115.jpg,ص ق ر ٦ ٦ ٦ ٦
1150.jpg,م س ق ٨ ٩ ٥
1151.jpg,ر ل ٤ ٦ ٣ ١
1152.jpg,أ ب ط ٢ ٣ ٤ ٧
1153.jpg,س ص و ٧ ٣ ٦
1154.jpg,ر ل ى ٨ ١ ٦
1155.jpg,ل ج ٦ ٣ ١ ٥
1156.jpg,ر ه ٥ ٤ ١ ١
1157.jpg,ج ع ٣ ٨ ٩ ٦
1158.jpg,ن ى ٣ ٢ ٨ ٩
1159.jpg,ق أ ٣ ٩ ٢ ٨
116.jpg,ق د ك ٦ ٥ ٤
1160.jpg,ى ط ٨ ٥ ١ ٣
1161.jpg,ط ط ٢ ٣ ٨ ٤
1162.jpg,ر م أ ٣ ٨ ٢
1163.jpg,ف د ج ٢ ٩ ٧
1164.jpg,ن ج ٣ ٨ ٧ ٩
1165.jpg,ج د ١ ٨ ٧ ٣
1166.jpg,ب م ٩ ٢ ٤ ٥
1167.jpg,ب ع ١ ٧ ٦ ٤
1168.jpg,ج و ٢ ٤ ٨ ٥
1169.jpg,ص ن ٩ ٣ ٦ ٢
117.jpg,ف أ أ ٨ ٦ ٩ ٣
1170.jpg,ق ى ٣ ٢ ٧ ٦
1171.jpg,ص ف ٧ ٢ ٩ ٣
1172.jpg,و ج ٩ ٥ ١ ٢
1173.jpg,ق م ١ ٢ ٣ ٩
1174.jpg,أ ف ٩ ٧ ٦ ٣
1175.jpg,ص ه ٢ ٦ ٣ ٥
1176.jpg,ل و ٦ ٢ ١ ٨
1177.jpg,ر ع ٣ ٧ ٥ ١
1178.jpg,س ج ٥ ٧ ٣ ٥
1179.jpg,ق ى ع ٧ ٤ ٣
118.jpg,ل ن د ٧ ٩ ٣ ٨
1180.jpg,ج م ٧ ٩ ٦ ١
1181.jpg,ط ع ٨ ٣ ٦ ١
1182.jpg,ق ق ٢ ٥ ٤ ٧
1183.jpg,س ج ٦ ٦ ٧ ١
1184.jpg,س ل ٤ ٧ ٣ ٢
1185.jpg,ى ص ٢ ٣ ٧ ٧
1186.jpg,و ن ٣ ٦ ٧ ٥
1187.jpg,ه ط ٣ ٤ ٩ ٦
1188.jpg,أ ف ٣ ٤ ٢ ٩
1189.jpg,أ ط ٢ ٤ ٦ ٢
119.jpg,ق د ج ٦ ٥ ٤
1190.jpg,و ل ٢ ٥ ٤ ٦
1191.jpg,ف ن د ٢ ٦ ٨ ٤
1192.jpg,ع ه ٦ ٨ ٧ ٣
1193.jpg,س و ٣ ٨ ٦ ٤
1194.jpg,أ ط ى ٢ ٤ ٧ ١
1195.jpg,ر أ ٤ ٨ ٢ ٥
1196.jpg,س ق ٤ ٩ ٢ ٦
1197.jpg,ط و ٩ ٤ ٢ ١
1198.jpg,ه ج ٧ ١ ٢ ٤
1199.jpg,د ى ٣ ٨ ١ ٦
12.jpg,ج و ٧ ٦ ١ ٦
120.jpg,ق س ل ٩ ٥ ١ ٣
1200.jpg,ق ف ٧ ٦ ٩ ٣
1201.jpg,ب د ١ ٨ ٦ ٩
1202.jpg,ج و ٤ ٩ ٣ ٥
1203.jpg,ط و ٦ ١ ٦ ٨
1204.jpg,د ب ف ٤ ٩ ٧
1205.jpg,و ع ١ ٨ ٦ ٧
1206.jpg,أ ل ٥ ٤ ٦ ٢
1207.jpg,ج و ٧ ٢ ٥ ٣
1208.jpg,ل ق ٥ ٤ ٢ ٨
1209.jpg,ن ج ٦ ٤ ٢ ٥
121.jpg,م م م ١
1210.jpg,ف م ٧ ٢ ٩ ١
1211.jpg,ف ج ٣ ٦ ٨ ٥
1212.jpg,ر و ٦ ٢ ٣ ٧
1213.jpg,ر ى ٨ ٤ ٩ ٩
1214.jpg,د و ٣ ٨ ٦ ٨
1215.jpg,م ق ١ ٤ ٦ ٧
1216.jpg,ط م ٤ ٥ ٢ ٨
1217.jpg,ى ه ٧ ١ ٨ ٤
1218.jpg,س و ٣ ٣ ٨ ٢
1219.jpg,س ج ٨ ٦ ٦ ٩
122.jpg,ق ى ٣ ٣ ٤ ٨
1220.jpg,ن ل ٥ ١ ٦ ٨
1221.jpg,ف ف ٩ ٣ ٥ ٢
1222.jpg,س ف ٥ ٦ ٦ ١
1223.jpg,و أ ٥ ٦ ٨ ٧
1224.jpg,ق ق ٢ ١ ٥ ١
1225.jpg,س و ٢ ٩ ٧ ٢
1226.jpg,ف و ٨ ١ ٣ ٩
1227.jpg,د ى ٩ ١ ٣ ٨
1228.jpg,ط ل و ٥ ٤ ٦ ٧
1229.jpg,ن ج ١ ٤ ٦ ٨
123.jpg,ع ه ٥ ٣ ٢ ١
1230.jpg,س ف ٦ ٧ ٥ ٤
1231.jpg,ق و ٦ ٨ ٨ ٣
1232.jpg,ى م ٢ ٦ ٤ ٥
1233.jpg,و ع ٢ ٦ ٥ ٨
1234.jpg,أ ج ٤ ٦ ٧ ٦
1235.jpg,أ ن ٥ ٦ ٣ ٨
1236.jpg,ف ع ٦ ٣ ٢ ٧
1237.jpg,ر ى ٧ ١ ١ ٢
1238.jpg,ه و ٢ ٧ ١ ٩
1239.jpg,ب ل ٦ ٢ ٩ ٥
124.jpg,ر و ق ٦ ٦ ٦ ٦
1240.jpg,ه و ٢ ٧ ١ ٩
1241.jpg,ر ى ٧ ١ ١ ٢
1242.jpg,ن ج ٨ ٢ ٩ ٤
1243.jpg,ب ل ٦ ٢ ٩ ٥
1244.jpg,ع ى س ٤ ٩ ٣ ٨
1245.jpg,ق م ط ٦ ٨ ٥ ٤
1246.jpg,ف ق أ ٦ ٥ ١
1247.jpg,ع ه ٢ ١ ٤ ٣
1248.jpg,ر ل ٤ ٤ ٨ ٥
1249.jpg,ط ه ص ٩ ٥ ٢ ٤
125.jpg,س ى د ١ ١ ١ ١
1250.jpg,ج م ط ٨ ٥ ٦
1251.jpg,ط ع ٢ ٨ ٩ ٤
1252.jpg,ن ر ١ ٤ ٦ ٦
1253.jpg,م و ٣ ٧ ١ ١
1254.jpg,س و ٣ ٩ ٢ ٨
1255.jpg,د و ص ٥ ٧ ٩ ٦
1256.jpg,ن ق ١ ٩ ٤ ٦
1257.jpg,ص ب ج ٧ ٨ ١
1258.jpg,ى ط ٥ ٨ ٣ ٤
1259.jpg,ط ر ع ١ ٤ ٥ ٢
126.jpg,أ ط ى ٤ ٢ ٨ ١
1260.jpg,س ق ٩ ١ ٥ ٦
1261.jpg,أ ن ج ٤ ٥ ١ ٧
1262.jpg,ى ف ف ١ ٩ ٤
1263.jpg,ن ر ر ١ ٥ ٩
1264.jpg,ى ل ٩ ٦ ٨ ٥
1265.jpg,ق ع ٣ ٨ ٩ ٦
1266.jpg,ر ق ٢ ٤ ٥ ٢
1267.jpg,ن ر ٩ ٨ ٩ ٦
1268.jpg,د ع و ٦ ١ ٤
1269.jpg,س ى ٥ ٩ ٤ ١
127.jpg,ى و ٣ ٨ ١ ٣
1270.jpg,ى ل ى ٤ ١ ٨
1271.jpg,ق ى ٢ ٣ ٥ ١
128.jpg,ه ق ٥ ٣ ٩ ٩
129.jpg,ى ط ٦ ٧ ٨ ٧
13.jpg,ر ى س ٤ ٤ ٤
130.jpg,ط د ى ٥ ٨ ٢
131.jpg,ن ف ٣ ٣ ٣ ٣
132.jpg,ه أ م ٧ ٧ ٧
133.jpg,ق أ ٧ ٤ ٥ ٤
134.jpg,س م ٦ ٦ ٦ ٦
135.jpg,ع ن ه ١ ٦ ٨
136.jpg,ط ع ٦ ٤ ٣ ٥
137.jpg,م د ه ٩ ٣ ٧ ٨
138.jpg,ص ج أ ٤ ٦ ٥ ٤
139.jpg,م ط ر ١
14.jpg,د ق ٥ ٤ ٧ ٣
140.jpg,أ س د ١
141.jpg,ن ن ن ٦ ٦ ٦ ٦
142.jpg,ط و ٤ ٥ ٤ ٢
143.jpg,أ د ٢ ٦ ٥ ٧
145.jpg,ع ع ٢
146.jpg,أ ع ١
147.jpg,ع ى ط ٧ ٨ ٢
148.jpg,ق ب ط ٩ ٣ ١
149.jpg,ص ر ى ٣ ٥ ١ ٢
15.jpg,ل ع د ٩ ١ ٤ ٨
150.jpg,ل ب ج ٥ ٩ ٨ ٦
151.jpg,س ق م ١ ٧ ٩ ٤
152.jpg,ر ب ل ٩ ٨ ٧ ١
153.jpg,أ ن س ١
154.jpg,د ١
155.jpg,أ أ ج ٨ ٧ ٦ ٩
156.jpg,م س م ٧ ٧ ٧
157.jpg,س ى ف ١
158.jpg,ب و ج ٩ ٧ ٤ ٢
159.jpg,ق ن ه ١ ٧ ٢ ٦
16.jpg,ن س ر ٧ ٧ ٧ ٧
160.jpg,ف ه ر ٧ ٥ ١ ٣
161.jpg,ف و ف ٢ ٧ ٦
162.jpg,ع س ط ٤ ٢ ١ ٥
163.jpg,ه  ى ١ ٦ ٩ ٧
164.jpg,ل ر د ٩ ٤ ٢ ١
165.jpg,ف أ ى ٨ ١ ٧ ٩
166.jpg,ف ه د  ٦ ٦ ٦ ٦
167.jpg,س ب ٥ ٢ ١ ٤
168.jpg,ن ى ق ٥ ٢ ١
169.jpg,ف و ٧ ٦ ٤ ٤
17.jpg,ه أ م ٧ ٧ ٧
170.jpg,م ى ٦ ٥ ٢ ٨
171.jpg,ل ن ع ٢ ٧ ٨
172.jpg,ر ى ن ٥ ٥ ٥ ٥
173.jpg,أ ه ص ١ ٤ ٧
174.jpg,ف ج ل ١ ٢ ٣ ٨
175.jpg,ه ر م ١ ١ ١
176.jpg,أ أ أ ٤ ٤ ٤ ٤
177.jpg,ط ع ٦ ٤ ٣ ٥
178.jpg,م ف أ ٥ ٦ ٢ ٤
179.jpg,د أ ٣ ٨ ٤ ٣
18.jpg,ل أ ف ١ ٢ ٤
180.jpg,ق أ ١ ٢ ٤ ٦
181.jpg,ع س ص ٦ ٥ ٧ ٩
182.jpg,أ س د ٨ ٨ ٨
183.jpg,ن و ر ٣ ٣ ٣ ٣
184.jpg,ف ب أ ١ ٨ ٣ ٧
185.jpg,ط ل ق ٦ ٦ ٦
186.jpg,ل ط ه ٣ ٩ ٦
187.jpg,م ج ٩ ٥ ٦ ٨
188.jpg,ج ن أ ٦ ٦ ٦
189.jpg,ط ل ق ٦ ٦ ٦
19.jpg,د ن ل ٤ ٩ ٢
190.jpg,ع م ر ٩ ٩ ٩ ٩
191.jpg,ى ط ٦ ٧ ٨ ٧
192.jpg,ب و ٦ ٦ ٤ ٧
193.jpg,ر ف و ١ ٩ ٦ ٢
194.jpg,ف د ط ١ ٧ ٥ ٦
195.jpg,م د أ ٥ ٦ ٩ ٤
196.jpg,ل ر د ٩ ٤ ٢ ١
197.jpg,ر ر ر ٥ ٥ ٥
198.jpg,و ج ق ٤ ١ ٣ ٨
199.jpg,و ج ق ٤ ١ ٣ ٨
2.jpg,ص ق ر ٦ ٦ ٦ ٦
20.jpg,ط ر ى ٢ ٧ ٦
200.jpg,ر و ٤ ٤ ٢ ٨
201.jpg,ن و ر ٣ ٣ ٣ ٣
202.jpg,ج و و ١ ١ ١
203.jpg,م ع ١
204.jpg,ب و ط ١ ٦ ٤ ٣
205.jpg,ف أ م ٨ ٣ ١ ٧
206.jpg,د ل ٨ ٤ ٥ ٨
207.jpg,ر ب ج ٥ ٨ ١
208.jpg,س ف ٧ ١ ٩ ٨
209.jpg,ف ب أ ٨ ٣ ٤ ٦
21.jpg,ع ل ى ٨ ٨ ٨
210.jpg,ه ن ٦ ٩ ١ ٨
211.jpg,س ف ٧ ٢ ٤ ٣
212.jpg,ج ى ب ١ ١ ١
213.jpg,أ أ أ ٤ ٤ ٤ ٤
214.jpg,د ف ص ١ ٤ ٧ ٩
215.jpg,ف ج ل ١ ٩ ٦ ٥
216.jpg,م م ١
217.jpg,ج ن ن ٦ ٦ ٦ ٦
218.jpg,ف ب ه ٩ ٢ ٨ ٣
219.jpg,ف ع ٢ ٦ ٧ ٧
22.jpg,ر ع ب ٧ ٧ ٧
220.jpg,ب ى ب ١ ٢ ٣
221.jpg,س ج ج ٥ ٥ ٥ ٥
222.jpg,ق م ٩ ٦ ٤ ٩
223.jpg,ن أ ٢ ٨ ٧ ٦
224.jpg,ج ى ٧ ٧ ٢ ٣
225.jpg,ف ى ص ١ ٤ ٥ ٣
226.jpg,ف و ٧ ٦ ٤ ٤
227.jpg,م م ١
228.jpg,أ و م ٧
229.jpg,ف ن ص ٤ ٢ ٥ ٦
23.jpg,ق ى أ ٦ ٨ ٢ ٩
230.jpg,م م م ١
231.jpg,ف ف ف ٩ ٩ ٩ ٩
232.jpg,ف د ن ٢ ٨ ٤ ٥
233.jpg,س و ى ٤ ٣ ٢ ١
234.jpg,م ل ط ٢ ٣ ٥
235.jpg,ج ف أ ٨ ٩ ٤ ٥
236.jpg,ل ١
237.jpg,ف ه ٣ ٩ ٨ ٥
238.jpg,س ق م ١ ٧ ٩ ٤
239.jpg,م م ٣ ٣ ٣ ٣
24.jpg,ب و ط ١ ٦ ٤ ٣
240.jpg,ب ط ل ١ ١ ١
241.jpg,ب ط ل ٥ ٥ ٥ ٥
242.jpg,ف ج ل ٢ ١ ٧ ٦
243.jpg,ط م ن ٤ ١ ٩ ٥
244.jpg,ل س ل ٤ ٥ ٣
245.jpg,ف ب د ٢ ٦ ٥ ٤
246.jpg,ف أ ن ٤ ٩ ٥ ٢
247.jpg,ط ر ع ٤ ٣ ١ ٨
248.jpg,ل أ ص ٢ ٧ ٥ ٩
249.jpg,ع ج ٢ ١ ٩ ٧
25.jpg,ف س د ٥ ١ ٦ ٤
250.jpg,ن س ر ٥ ٥ ٥ ٥
251.jpg,ف د ط ٣ ٨ ٢ ٥
252.jpg,ط ط ٩ ٩ ٩ ٩
253.jpg,ط ر ى ٣ ٩ ٦ ٢
254.jpg,ف ص ٧ ٣ ٥ ٣
255.jpg,ج ف ٤ ٦ ٤ ٨
256.jpg,ن ج م ٦ ٦ ٦ ٦
257.jpg,ف ب ه ٥ ١ ٩ ٢
258.jpg,و ق ٩ ٦ ٨ ٣
259.jpg,ف ر ع ٦ ٩ ٥
26.jpg,أ ى ص ٧ ٣ ٤ ١
260.jpg,م و ه ٦ ٦ ٦ ٦
261.jpg,ر و ٧ ٦ ٦ ٤
262.jpg,ف و ف ٢ ٧ ٦
263.jpg,ل ن د ٧ ٩ ٣ ٨
264.jpg,ل ف ط ٧ ٥ ١ ٦
265.jpg,ف ف ٦ ٥ ٦ ٥
266.jpg,أ ر ق ٨ ٣ ٤ ٥
267.jpg,ق ج ب ٤ ٥ ٨ ٣
268.jpg,ق ج ب ٤ ٥ ٨ ٣
269.jpg,ط ر ع ٤ ٣ ١ ٨
27.jpg,ل ب م ٥ ١ ٩ ٨
270.jpg,و ١ ١
271.jpg,س س س ٤ ٧ ٧ ٧
272.jpg,ف ه ر ٧ ٥ ١ ٣
273.jpg,م ب ع ٤ ٩ ٥ ٧
274.jpg,و ق ٣ ٩ ٣ ٢
275.jpg,س ى ف ١
276.jpg,ف ج ط ١ ٥ ٢ ٨
277.jpg,و أ ع ٣ ٥ ٤
278.jpg,س ص ج ٩ ٤ ٦ ١
279.jpg,ج م ل ١
28.jpg,ط ر ى ٢ ٧ ٦
280.jpg,ر ج ١ ٤ ١ ٦
281.jpg,ق ل ب ١ ١ ١ ١
282.jpg,ص ن ع ٣ ٤ ٦
283.jpg,ر ى س ٦ ٦ ٦ ٦
284.jpg,ج و د ١ ١ ١ ١
285.jpg,ف ع ٢ ٦ ٧ ٧
286.jpg,ع س ص ٦ ٥ ٧ ٩
287.jpg,ص و ق ٧ ٦ ٢
288.jpg,ف ج ل ١ ٩ ٦ ٥
289.jpg,س ع د ١ ١ ١ ١
29.jpg,ع ط أ ٦ ٦ ٦ ٦
290.jpg,ر و ٤ ٤ ٢ ٨
291.jpg,ب ى و ٢ ٧ ٤ ٩
292.jpg,ف ق ط ٧ ٤ ٢ ٣
293.jpg,ف د ط ٩ ٧ ٣ ٢
294.jpg,ع م م ١
295.jpg,ف ن ص ٤ ٢ ٥ ٦
296.jpg,س أ أ ٦ ٣ ٩ ٢
297.jpg,ر ف و ١ ٩ ٦ ٢
298.jpg,ن ى ق ٥ ٢ ١
299.jpg,أ ١
3.jpg,ب ج س ٣ ٨ ٤ ٥
30.jpg,ل ر ص ٣ ٧ ١ ٨
300.jpg,ق أ ٧ ٤ ٥ ٤
301.jpg,ر ر ر ١ ١ ١
302.jpg,م ج ص ٥ ٧ ٨
303.jpg,ف ج س ٩ ٨ ٧ ٣
304.jpg,أ ق ٩ ١ ٥ ٤
305.jpg,ف ر ط ٦ ١ ٤ ٧
306.jpg,ج م ٢ ٤ ٦ ٧
307.jpg,ط ر ى ٣ ٩ ٦ ٢
308.jpg,د د د ٨ ٨ ٨
309.jpg,ن م ل ٣ ٤ ٥
31.jpg,ل ١
310.jpg,ن و ر ٥ ٥ ٥ ٥
311.jpg,ص و ق ٧ ٦ ٢
312.jpg,أ و ل ١
313.jpg,ط د ى ٥ ٨ ٢
314.jpg,ج و ١
315.jpg,ل ر ص ٣ ٧ ١ ٨
316.jpg,ب م ١ ٨ ٥ ٢
318.jpg,س ص ج ٩ ٤ ٦ ١
319.jpg,ف ج ط ١ ٥ ٢ ٨
32.jpg,م ل ص ٩ ٣ ٢ ٤
320.jpg,ل ب ج ٧ ٨ ٤ ٦
321.jpg,ف ج ط ٤ ٥ ٣ ٨
322.jpg,ج و ١
323.jpg,د ى ٦ ٤ ٢ ٣
324.jpg,م ى ٦ ٥ ٢ ٨
325.jpg,س ن و ٦ ٦ ٦ ٦
326.jpg,أ أ أ ٩
327.jpg,ر ى ع ٨ ٦ ٣ ٥
328.jpg,س م ب ٥ ٨ ٦
329.jpg,ق ط ٨ ١ ١ ٧
33.jpg,ق ب ٥ ٤ ٢ ٦
330.jpg,م م م ٢ ٢ ٢
331.jpg,ع ع ١ ١ ١ ١
332.jpg,أ ق ج ٣ ٩ ٤ ٧
333.jpg,ف ق ط ٨ ٦ ٥ ٣
334.jpg,ن ج س ٧ ٦ ١
335.jpg,ع أ ه ٩ ١ ٥
336.jpg,ف ى ص ١ ٤ ٥ ٣
337.jpg,س ن ب ٢ ٦ ٤ ٧
338.jpg,س أ م ٦ ٦ ٦ ٦
339.jpg,ط ر م ٥ ٢ ٩ ٢
34.jpg,أ ١ ١ ١
340.jpg,ب ج س ٣ ٨ ٤ ٥
341.jpg,ن ن ١ ١ ٧ ٨
342.jpg,أ ١ ١ ١
343.jpg,د أ أ ٣ ٥ ٧
344.jpg,ى و ٣ ٨ ١ ٣
345.jpg,أ س د ١ ١ ١ ١
346.jpg,ج م ل ١
347.jpg,ر ر ر ٣ ٣ ٣ ٣
348.jpg,ع ن ه ١ ٦ ٨
349.jpg,ف ف ٦ ٥ ٦ ٥
35.jpg,ج ق ٤ ٦ ٤ ٨
350.jpg,ل ب ب ٥ ٩ ١
351.jpg,ج ج ج ٥ ٥ ٥ ٥
352.jpg,ل ع د ٤ ١ ٦ ٨
353.jpg,ف ج س ٩ ٨ ٧ ٣
354.jpg,أ ب ف ٢ ٩ ٧ ٣
355.jpg,س ق أ ٤ ٣ ٣ ٧
356.jpg,س س س ٦ ٦ ٦
357.jpg,ط أ ٣ ١ ٧ ٦
358.jpg,ف ص ب ٥ ١ ٧
359.jpg,ط ر ب ٦ ٤ ٣ ١
36.jpg,ر ب ص ١ ٥ ٩
360.jpg,س ف ٧ ٢ ٤ ٣
361.jpg,ر ج ب ٥ ٥ ٥
362.jpg,ل ف ط ٧ ٥ ١ ٦
363.jpg,ف ج ط ١ ٥ ٢ ٨
364.jpg,ج ب ل ١ ١ ١ ١
365.jpg,ل ف ط ٧ ٥ ١ ٦
366.jpg,أ ١
367.jpg,ط ط ٥ ٤ ٨ ٩
368.jpg,م ج ه ٤ ٥ ٣ ٩
369.jpg,ى ١
37.jpg,س أ م ٦ ٦ ٦ ٦
370.jpg,ب ى و ٢ ٧ ٤ ٩
371.jpg,أ ط ى ٤ ٢ ٨ ١
372.jpg,ع م م ١
373.jpg,أ ب ف ٢ ٩ ٧ ٣
374.jpg,ه ١
375.jpg,أ ع ١
376.jpg,ف ج ل ٤ ١ ٨ ٣
377.jpg,س س س ٤ ٧ ٧ ٧
378.jpg,س و س ١ ١ ١ ١
379.jpg,ن س ر ٥ ٥ ٥ ٥
38.jpg,ع ص و ٤ ٨ ١ ٩
380.jpg,ل ج د ٦ ٨ ٧ ٩
381.jpg,ب ر د ٦ ١ ٧
382.jpg,ل ن ع ٢ ٧ ٨
383.jpg,أ د م ١ ١ ١ ١
384.jpg,ط ر ب ٦ ٤ ٣ ١
385.jpg,م أ ه ٦ ٨ ١
386.jpg,ف ق ى ١ ١ ١ ١
387.jpg,د ف ١ ٧ ٥ ٥
388.jpg,د ه ٩ ٩ ٨ ١
389.jpg,أ ه ص ١ ٤ ٧
39.jpg,د ل ٨ ٤ ٥ ٨
390.jpg,ط ر د ٤ ٨ ٥ ٣
391.jpg,ف أ ل ٦ ٢ ٣
392.jpg,أ ه م ١
393.jpg,ص و ق ٦ ٤ ٧
394.jpg,ج ر ه ٤ ٥ ٧ ٢
395.jpg,ف س د ٩ ٢ ١ ٤
396.jpg,ع ق و ٨ ٩ ٢ ٣
397.jpg,ص ق ط ٤ ٧ ٩ ١
398.jpg,م ن ٥ ٩ ٦ ٢
399.jpg,ل م د ٦ ٥ ١ ٧
4.jpg,ف ع ط ١ ٢ ٨ ٧
40.jpg,ج ع ٢ ٨ ٦ ٧
400.jpg,ع ه ٤ ٨ ٩ ٧
401.jpg,ع ق ٩ ٣ ٣ ١
402.jpg,ف ن ر ٩ ٧ ١ ٥
403.jpg,م ب ع ٤ ٩ ٥ ٧
404.jpg,ه ١
405.jpg,ب ى و ٢ ٧ ٤ ٩
406.jpg,س ن و ٦ ٦ ٦ ٦
407.jpg,س ف ٧ ١ ٩ ٨
408.jpg,ع ل ط ٧ ٢ ١ ٨
409.jpg,ر ع ص ٧ ٤ ٨
41.jpg,د ل أ ٧ ٧ ٧ ٧
410.jpg,ف أ ى ٧ ٢ ٣ ٩
411.jpg,ف ق ى ١ ١ ١ ١
412.jpg,ع أ ه ٩ ١ ٥
413.jpg,و ى ٤ ١ ٧ ٥
414.jpg,س س س ١ ٩ ٩ ١
415.jpg,و ى ر ٢ ٣ ٨ ٦
416.jpg,ل ى س ٩ ٧ ٢ ٦
417.jpg,ل ق ٩ ٧ ٩ ٦
418.jpg,أ ج م ٥ ٤ ١ ٢
419.jpg,م ن س ٧ ٦ ١
42.jpg,م ف ص ٩ ٤ ٥
420.jpg,م ف ص ٩ ٤ ٥
421.jpg,س ى د ٦ ٦ ٦
422.jpg,ف ج ل ٤ ١ ٨ ٣
423.jpg,ف د ل ٢ ٥ ١ ٣
424.jpg,ر و ق ٦ ٦ ٦ ٦
425.jpg,ن ن ن ٤ ٤ ٤
426.jpg,ص ى ج ٧ ٦ ٨ ٣
427.jpg,أ د ٢ ٦ ٥ ٧
428.jpg,ط ج ج ٩ ٧ ١ ٥
429.jpg,ف ق ص ٢ ٨ ٣ ٤
43.jpg,ى ه ٨ ٢ ٩ ٤
430.jpg,ل ى س ٩ ٧ ٢ ٦
431.jpg,ب ب ١
432.jpg,ف ر ط ٤ ٥ ٩ ٢
433.jpg,ج ر ه ٤ ٥ ٧ ٢
434.jpg,ل ر ع ٨ ١ ٧ ٩
435.jpg,د ف ص ١ ٤ ٧ ٩
436.jpg,ص ط د ٣ ٧ ١
437.jpg,ف أ ن ٤ ٩ ٥ ٢
438.jpg,أ ١
439.jpg,و ١١
44.jpg,ل ع د ٤ ١ ٦ ٨
440.jpg,ق ل ب ١ ١ ١ ١
441.jpg,أ د م ١ ١ ١ ١
442.jpg,ه ط أ ٥ ٩ ٨ ٢
443.jpg,ف ص ب ٥ ١ ٧
444.jpg,ر ب ص ١ ٥ ٩
445.jpg,ر م ٦ ٣ ٨ ٢
446.jpg,أ ه م ١
447.jpg,ر ج ١ ٤ ١ ٦
448.jpg,ص ن ع ٣ ٤ ٦
449.jpg,ه ى ١ ٦ ٩ ٧
45.jpg,ن ج م ١ ١ ١ ١
450.jpg,م ج ه ٤ ٥ ٣ ٩
451.jpg,ف ر س ٦ ٦ ٦
452.jpg,ف ص ٧ ٣ ٥ ٣
453.jpg,م ن ى ١ ٩ ٨
454.jpg,أ ق ع ٣ ٨ ٩ ١
455.jpg,س ج س ٢ ٣ ٧ ٩
456.jpg,أ ع ١
457.jpg,ف س د  ٩ ٢ ١ ٤
458.jpg,ف ع ط ١ ٢ ٨ ٩
459.jpg,ج و ٧ ٦ ١ ٦
46.jpg,س أ ١
460.jpg,ل ف ط ٧ ٥ ١ ٦
461.jpg,م ه م ٢ ٢ ٢ ٢
462.jpg,ن د أ ٧ ٧ ٧ ٧
463.jpg,م و ٣ ٦ ٤ ٣
464.jpg,ج و ٧ ٦ ١ ٦
465.jpg,ط ر ر ٩ ٢ ٣
466.jpg,ف أ ى  ٨ ١ ٧ ٩
467.jpg,د ع ٣ ٣ ٧ ٩
468.jpg,ب ن ١ ٤ ٥ ٨
469.jpg,أ ط ج ٤ ٩ ٨ ٦
47.jpg,ل أ ص ٢ ٧ ٥ ٩
470.jpg,ق م س ٧ ٩ ٤ ٢
471.jpg,س أ م ٦ ٦ ٦ ٦
472.jpg,ل ط ج ٧ ٦ ٥ ٤
473.jpg,ن ص ر ١ ١ ١ ١
474.jpg,ط ل ق ٦ ٦ ٦
475.jpg,س ع ر ١ ٧ ٨ ٧
476.jpg,ع ف ى ٨ ٣ ٢ ٥
477.jpg,ف ق ط ٧ ٤ ٢ ٣
478.jpg,م ه م ٢ ٢ ٢ ٢
479.jpg,ج ر ج ٥ ٢ ٣
48.jpg,ج ر ه ٢ ٧ ٦ ٨
480.jpg,ف ن ر ٥ ٩ ٧ ٨
481.jpg,ن و ر ٤ ٤ ٤
482.jpg,ص ص ص ٦ ٦ ٦
483.jpg,ف ج ط ٦ ٢ ٨ ٣
484.jpg,س و ى ٤ ٣ ٢ ١
485.jpg,س ن ب ٢ ٦ ٤ ٧
486.jpg,ق س أ ٢ ٥ ٢ ١
487.jpg,ج ع ه ٤ ٨ ٣
488.jpg,ط ر م ٥ ٢ ٩ ٢
489.jpg,ن ع ٩ ٨ ٣ ١
49.jpg,ف ر ط ٦ ١ ٤ ٧
490.jpg,م و أ ٥ ٦ ٢ ٤
491.jpg,ر ى س ٦ ٦ ٦ ٦
492.jpg,ص ر ى ٣ ٥ ١ ٢
493.jpg,ق ل ق ٦ ٦ ٦ ٦
494.jpg,ل م د ٦ ٥ ١ ٧
495.jpg,ق ص ب ٦ ٣ ٤
496.jpg,ص ص ١ ١
497.jpg,د أ ٢ ٢ ٦ ٣
498.jpg,م م م ٢ ٢ ٢
499.jpg,ق ن ه ١ ٧ ٢ ٦
5.jpg,ن ق ٧ ٤ ٢ ١
50.jpg,ف ن ر ٨ ٩ ٥ ٧
500.jpg,ف د ل ٢ ٥ ١ ٣
501.jpg,ج ج ج ٥ ٥ ٥ ٥
502.jpg,أ س د ٢
503.jpg,ج ف أ ٨ ٩ ٤ ٥
504.jpg,ف ب ن ٥ ٣ ٨ ٢
505.jpg,ف ق ط ٨ ٦ ٥ ٣
506.jpg,م د ه ٩ ٣ ٧ ٨
507.jpg,ن د أ ٧ ٧ ٧ ٧
508.jpg,ه و ٧ ٦ ٥ ٩
509.jpg,س م ٦ ٦ ٦ ٦
51.jpg,ل س ل ٤ ٥ ٣
510.jpg,ب و ٦ ٦ ٤ ٧
511.jpg,ف د ط ٣ ٨ ٢ ٥
512.jpg,ر ع ط ٤ ٣ ٧
513.jpg,ف أ ل ٦ ٢ ٣
514.jpg,س س س ١ ٩ ٩ ١
515.jpg,س س س ٦ ٦ ٦
516.jpg,س ج د ٣ ١ ٥ ١
517.jpg,أ ه م ١
518.jpg,ى ط ٥ ٨ ٣ ٤
519.jpg,ف و س ٨ ٥ ٦ ٩
52.jpg,ه م ٧ ٨ ٩ ٦
520.jpg,ج ب ل ١ ١ ١ ١
521.jpg,ه ق ٥ ٣ ٩ ٩
522.jpg,ن ب ٩ ٨ ٩ ٥
523.jpg,و ط ن ١
524.jpg,ق ط ٨ ١ ١ ٧
525.jpg,م د ه ٩ ٣ ٧ ٨
526.jpg,و ١ ١
527.jpg,ط ق ٦ ٦ ٢ ١
528.jpg,ق ب ط ٩ ٣ ١
529.jpg,ر ر ر ٣ ٣ ٣ ٣
53.jpg,د د د ٨ ٨ ٨
530.jpg,ع س ط ٤ ٢ ١ ٥
531.jpg,م ه ٦ ٨ ٦ ١
532.jpg,ج م ٢ ٤ ٦ ٧
533.jpg,م س ر ١ ١ ١ ١
534.jpg,ج ن ب ١ ٩ ٧
535.jpg,ع ص و ٤ ٨ ١ ٩
536.jpg,ف ه ر ٧ ٥ ١ ٣
537.jpg,ص ج أ ٤ ٦ ٦ ١
538.jpg,د ١
539.jpg,ب ر د ٦ ١ ٧
54.jpg,ج د ٥ ٣ ٢ ٣
540.jpg,ر ع ص ٧ ٤ ٨
541.jpg,ف ر ج ٥ ٥ ٥
542.jpg,ه ب ٩ ٢ ٨ ٢
543.jpg,ف أ أ ٨ ٦ ٩ ٣
544.jpg,ر م ٦ ٣ ٨ ٢
545.jpg,ب ع ٣ ٢ ١ ٨
546.jpg,س ج س ٢ ٣ ٧ ٩
547.jpg,ب ب ع ٤ ٨ ١
548.jpg,م و ه ٦ ٦ ٦ ٦
549.jpg,س م ب ٥ ٨ ٦
55.jpg,ف م س ١ ٤ ٧ ٣
550.jpg,ف أ ٦ ٧ ٨ ٤
551.jpg,ن و ر ٥ ٥ ٥ ٥
552.jpg,ط د ى ٢ ٣ ٥
553.jpg,د ى ٦ ٧ ٤ ٨
554.jpg,م ق ب ٦ ٣ ٧ ٨
555.jpg,ج و د ١ ١ ١ ١
556.jpg,ف ن ر ٥ ٩ ٧ ٨
557.jpg,أ و ١ ٣ ٢ ٢
558.jpg,ن ع ٩ ٨ ٣ ١
559.jpg,س م ٦ ٦ ٦ ٦
56.jpg,س ب ع ٥ ٢ ٦ ٣
560.jpg,ع ل ى ٦ ٦ ٦ ٦
561.jpg,ب ط ل ٥ ٥ ٥ ٥
562.jpg,ف ر ط ٤ ٥ ٩ ٢
563.jpg,ن ن ن ٤ ٤ ٤
564.jpg,م ج ١ ١ ١ ١
565.jpg,ج ر ج ٥ ٢ ٣
566.jpg,ب ح ب ٦ ٦ ٦
567.jpg,ج ج ٢
568.jpg,ل ن ع ٢ ٧ ٨
569.jpg,س ع ٩ ١ ٤ ٨
57.jpg,م س م ٧ ٧ ٧
570.jpg,ر ج ١ ٤ ١ ٦
571.jpg,ر ر ر ٣ ٣ ٣ ٣
572.jpg,ق م س ٧ ٩ ٤ ٢
573.jpg,م ل ٥ ٦ ٨ ٣
574.jpg,ف ه ١ ٧ ٦ ٤
575.jpg,ف ب أ ٥ ١ ٩ ٦
576.jpg,ص ج ف ٧ ٥ ٢ ٧
577.jpg,أ س د ١
578.jpg,ى ١
579.jpg,أ أ أ ٧ ٧ ٧ ٧
58.jpg,م م م ١
580.jpg,د ف ١ ٧ ٥ ٥
581.jpg,ط ل و ٩ ٧ ٩ ٣
582.jpg,ق ج ه ٥ ٤ ١ ٢
583.jpg,و ع ج ٧ ١ ٦ ٣
584.jpg,ر ى ع ٨ ٦ ٣ ٥
585.jpg,ن و ٢ ٩ ٣ ١
586.jpg,ق ص ب ٦ ٣ ٤
587.jpg,ع ل ط ٧ ٢ ١ ٨
588.jpg,م س و ٥ ٧ ١
589.jpg,ق و ٧ ٢ ٧ ٦
59.jpg,ص ب ط ٥ ٤ ٨ ١
590.jpg,ص أ ه ٥ ٧ ٨
591.jpg,ف ر د ٣ ٥ ٢ ٩
592.jpg,ج ب ل ١
593.jpg,ر ر ر ١ ١ ١
594.jpg,ى ج ٥ ٢ ٩ ٦
595.jpg,م ى ٢ ١ ٤ ٢
596.jpg,ف ق ط ٨ ٢ ٩ ٣
597.jpg,م م ٣ ٣ ٣ ٣
598.jpg,ف ع ع ٦ ٧ ١
599.jpg,ط و ٤ ٥ ٤ ٢
6.jpg,ج ط ج ٦ ٥ ٢
60.jpg,ف ق ص ٢ ٨ ٣ ٤
600.jpg,ع ع ٢
601.jpg,ى ج ٥ ٢ ٩ ٦
602.jpg,ج د ٥ ٣ ٢ ٣
603.jpg,م د أ ٥ ٦ ٩ ٤
604.jpg,و ق ٩ ٦ ٨ ٣
605.jpg,ن ن ن ٦ ٦ ٦ ٦
606.jpg,أ و ١ ٣ ٢ ٢
607.jpg,س ر ع ٦ ٥ ٨ ٤
608.jpg,أ ق ج ٣ ٩ ٤ ٧
609.jpg,م ١ ١ ١
61.jpg,ج ر ه ٢ ٧ ٦ ٨
610.jpg,س ج د ٣ ١ ٥ ١
611.jpg,س ى د ١ ١ ١ ١
612.jpg,ف ر ص ٩ ٥ ٤ ١
613.jpg,ه ١
614.jpg,م ل ط ١ ٢ ٧
615.jpg,أ ل ج ٧ ٧ ٧ ٧
616.jpg,م ج ٧ ٤ ٧ ٢
617.jpg,م ج ٩ ٥ ٦ ٨
618.jpg,م ى ٢ ١ ٤ ٢
619.jpg,ق ج ع ٢ ٧ ٩
62.jpg,ط ل ق ٦ ٦ ٦
620.jpg,ب ن ١ ٤ ٥ ٨
621.jpg,د أ ل ٧ ٧ ٧ ٧
622.jpg,د ١
623.jpg,ف ن ر ٨ ٩ ٥ ٧
624.jpg,ف أ م ٨ ٣ ١ ٧
625.jpg,ب أ ر ٩ ٤ ١
626.jpg,أ ق و ٧ ١ ٦ ٩
627.jpg,م ١ ١ ١
628.jpg,ى ن ٤ ٦ ١ ٧
629.jpg,م ل ط ١ ٢ ٧
63.jpg,د ١
630.jpg,ف د ط ٢ ٨ ٤ ٥
631.jpg,ق ط أ ٧ ٥ ٧ ١
632.jpg,ل ق د ٣ ٨ ٩ ٦
633.jpg,ف ن ص ٤ ٢ ٥ ٦
634.jpg,س ق أ ٤ ٣ ٣ ٧
635.jpg,س ط د ٣ ٧ ١
636.jpg,د أ ٣ ٨ ٤ ٣
637.jpg,م ه ٦ ٨ ٦ ١
638.jpg,ق ه ١ ٧ ٤ ٩
639.jpg,ن ج م ٦ ٦ ٦ ٦
64.jpg,ر ع ب ٧ ٧ ٧
640.jpg,ر ر ر ٣ ٣ ٣ ٣
641.jpg,ل ى س ٩ ٧ ٢ ٦
642.jpg,ط ر د ٤ ٨ ٥ ٣
643.jpg,ق م ر ٤ ٤ ٤
644.jpg,س م ر ٦ ٦ ٦
645.jpg,د ق ٥ ٤ ٧ ٣
646.jpg,س ع ٩ ١ ٤ ٨
647.jpg,ف أ م ٦ ٢ ١ ٥
648.jpg,س ر ه ٨ ٧ ٣
649.jpg,ف ب أ ١ ٨ ٣ ٧
65.jpg,م ن ٥ ٩ ٦ ٢
650.jpg,و ع ٤ ٧ ٣ ٥
651.jpg,ص ج أ ٤ ٦ ٥ ٤
652.jpg,س ع ر ١ ٧ ٨ ٧
653.jpg,ب أ ر ٩ ٤ ١
654.jpg,ل ق ط ٧ ٥ ١ ٦
655.jpg,ع ف ى ٨ ٣ ٢ ٥
656.jpg,م ل ٣ ٥ ٣ ٩
657.jpg,ن ج س ٧ ٦ ١
658.jpg,س ق ط ٤ ٧ ١ ١
659.jpg,د ه ٩ ٩ ٨ ١
66.jpg,ج و ٧ ٦ ١ ٦
660.jpg,د ى ٦ ٤ ٢ ٣
661.jpg,ف و س ٨ ٥ ٦ ٩
662.jpg,ب ى ب ١ ٢ ٣
663.jpg,ر و ٧ ٦ ٦ ٤
664.jpg,ل ع د ٩ ١ ٤ ٨
665.jpg,ل س د ٩ ٢ ٦ ٧
666.jpg,ن ج م ١ ١ ١ ١
667.jpg,ن س ر ٧ ٧ ٧ ٧
668.jpg,م م م ١
669.jpg,ق ب ر ٧ ٨ ٤
67.jpg,ق ج ب ٦ ٤ ٢ ٨
670.jpg,ج ج ٢
671.jpg,ق ه ١ ٧ ٤ ٩
672.jpg,ق س أ ٢ ٥ ٢ ١
673.jpg,ط ق أ ٤ ١ ٨ ٥
674.jpg,ط ط ٥ ٤ ٨ ٩
675.jpg,ر ى س ٤ ٤ ٤
676.jpg,س م ٦ ٦ ٦ ٦
677.jpg,ل ط ه ٣ ٩ ٦
678.jpg,أ ج ٧ ٢ ٨ ٨
679.jpg,ج ب ف ٣ ٧ ٢ ٨
68.jpg,ع ى ط ٧ ٨ ٢
680.jpg,م د ه ٩ ٣ ٧ ٨
681.jpg,د أ ٢ ٢ ٦ ٣
682.jpg,ل ب م ٥ ١ ٩ ٨
683.jpg,ف ه د ٦ ٦ ٦ ٦
684.jpg,س م ر ٦ ٦ ٦
685.jpg,ج ق ع ٢ ٧ ٩
686.jpg,د ١
687.jpg,ل ف ط ٧ ٥ ١ ٦
688.jpg,م ج ١ ١ ١ ١
689.jpg,ر ج ١ ٤ ١ ٦
69.jpg,ى ع ط ٧ ٤ ٦
690.jpg,ع أ ١ ٩ ٨ ٤
691.jpg,أ س ج ٦ ٧ ٦ ٧
692.jpg,ن ص ر ١ ١ ١ ١
693.jpg,ل ف ط ٧ ٥ ١ ٦
694.jpg,ن س ر ٨ ٨ ٨
695.jpg,ى ه ٨ ٢ ٩ ٤
696.jpg,ن س ر ٨ ٨ ٨
697.jpg,ى ع ط ٧ ٤ ٦
698.jpg,ق و ل ٥ ٤ ٨ ٩
699.jpg,ج ن ن ٦ ٦ ٦ ٦
7.jpg,ف ف ف ٩ ٩ ٩ ٩
70.jpg,م ل ٣ ٥ ٣ ٩
700.jpg,ق ج ه ٥ ٤ ١ ٢
701.jpg,ط ر ع ٧ ٨ ٦ ٩
702.jpg,ف ج ط ٩ ٤ ٧ ٨
703.jpg,ل ق ٩ ٧ ٩ ٦
704.jpg,ص أ ه ٥ ٧ ٨
705.jpg,ع ع ١ ١ ١ ١
706.jpg,ه ن ٦ ٩ ١ ٨
707.jpg,ف ب ه ٥ ١ ٩ ٢
708.jpg,ى و ر ٩ ٣ ٢ ٦
709.jpg,ع ل ى ٩ ٩ ٩ ٩
71.jpg,ف ب أ ٥ ١ ٩ ٦
710.jpg,أ م ى ١ ١ ١
711.jpg,ف ج ط ٩ ٤ ٧ ٨
712.jpg,ف ع س ٦ ٥ ١ ٨
713.jpg,ى و ر ٩ ٣ ٢ ٦
714.jpg,ط د ى ٥ ٨ ٢
715.jpg,ع أ ى ٣ ٧ ٨ ٩
716.jpg,ر ر ر ٥ ٥ ٥
717.jpg,ج ب ف ٣ ٧ ٢ ٨
718.jpg,د أ ٢ ٣ ٨ ١
719.jpg,ف ب ن ٥ ٣ ٨ ٢
72.jpg,ر ع ب ١ ٦ ٥ ٩
720.jpg,س ج ج ٥ ٥ ٥ ٥
721.jpg,ن س ر ٨ ٨ ٨
722.jpg,أ أ أ ٩
723.jpg,ع ج ٥ ٥ ٥ ٥
724.jpg,ب ط ل ١ ١ ١
725.jpg,ف ر س ٩ ٥ ٤ ١
726.jpg,و ع ٤ ٧ ٣ ٥
727.jpg,و ط ن ١
728.jpg,س ع د ١ ١ ١ ١
729.jpg,ف ه ٣ ٩ ٨ ٥
73.jpg,م أ ه ٦ ٨ ١
730.jpg,أ ع ١
731.jpg,ف د ط ١ ٧ ٥ ٦
732.jpg,أ س د ١ ١ ١ ١
733.jpg,ر ر ر ١ ١ ١
734.jpg,ب ى و ٢ ٧ ٤ ٩
735.jpg,ه ر م ١ ١ ١
736.jpg,ب ع ٣ ٢ ١ ٨
737.jpg,م ل ص ٩ ٣ ٢ ٤
738.jpg,ف ف ع  ٧ ٣ ١
739.jpg,ق ى ٣ ٣ ٤ ٨
74.jpg,ط ط ٩ ٩ ٩ ٩
740.jpg,ع ق ٩ ٣ ٣ ١
741.jpg,ص و ق ٦ ٤ ٧ 
742.jpg,د ١
743.jpg,ن و ٢ ٩ ٣ ١
744.jpg,ف ر س ٦ ٦ ٦
745.jpg,ف ر س ٦ ٦ ٦
746.jpg,ب ب ١
747.jpg,ع ل ى ٦ ٦ ٦ ٦
748.jpg,ط أ ٣ ١ ٧ ٦
749.jpg,م س ر ١ ١ ١ ١
75.jpg,ل ف ط ٧ ٥ ١ ٦
750.jpg,أ ل ج ٧ ٧ ٧ ٧
751.jpg,أ ع ١
752.jpg,أ ع ١
753.jpg,و ١ ١
754.jpg,ف ه ٣ ٩ ٨ ٥
755.jpg,أ ق و ٧ ١ ٦ ٩
756.jpg,ق م ٩ ٦ ٤ ٩
757.jpg,ن ع ه ٣ ٢ ٥
758.jpg,م ل ط ٢ ٣ ٥
759.jpg,ق ب ٥ ٤ ٢ ٦
76.jpg,ف ر ج ٥ ٥ ٥
760.jpg,ه و ٧ ٦ ٥ ٩
761.jpg,ن أ ٢ ٨ ٧ ٦
763.jpg,ف ه ر ٧ ٥ ١ ٣
764.jpg,م ج ص ٥ ٧ ٨
765.jpg,و ع ج ٧ ١ ٦ ٣
766.jpg,ل و ل ٥ ٥ ٥
767.jpg,ل ط ج ٧ ٦ ٥ ٤
768.jpg,ر ع ط  ٤ ٣ ٧
769.jpg,س ب ع ٥ ٢ ٦ ٣
77.jpg,أ ق ٩ ١ ٥ ٤
770.jpg,ق ط أ ٧ ٥ ٧ ١
771.jpg,س أ م ٦ ٦ ٦ ٦
772.jpg,م ص ٥ ١ ٨ ٦
773.jpg,ص ب ط ٥ ٤ ٨ ١
774.jpg,أ م ى ١ ١ ١
775.jpg,ل ى س ٩ ٧ ٢ ٦
776.jpg,ل أ ص  ٩ ٥ ٢ ٣
777.jpg,ب م ١ ٨ ٥ ٢
778.jpg,س د ع ٦ ٥ ٨ ٤
779.jpg,ر ر ر ١ ١ ١
78.jpg,س ى ف ١
780.jpg,م ع ١
781.jpg,د ف ل ٦ ٦ ٦
782.jpg,ج ع ٢ ٨ ٦ ٧
783.jpg,د ص ٨ ٢ ٧ ١
784.jpg,ط م ن ٤ ١ ٩ ٥
785.jpg,ق و ٧ ٢ ٧ ٦
786.jpg,ق م ر ٤ ٤ ٤
787.jpg,ن ف ٣ ٣ ٣ ٣
788.jpg,ه م ٧ ٨ ٩ ٦
789.jpg,ف ر د ٣ ٥ ٢ ٩
79.jpg,ف ن ر ٩ ٧ ١ ٥
790.jpg,ف د ط ٩ ٧ ٣ ٢
791.jpg,و ط ن ١
792.jpg,د ن ٥ ٩ ١ ٨
793.jpg,ن ج م ٦ ٦ ٦ ٦
794.jpg,ج ط ج ٦ ٥ ٢
795.jpg,م و ٣ ٦ ٤ ٣
796.jpg,د أ ٢ ٣ ٨ ١
797.jpg,ف ج ل ١ ٢ ٣ ٨
798.jpg,ع ط أ ٦ ٦ ٦ ٦
799.jpg,ج ن ١ ١ ١ ١
8.jpg,ف ر س ٦ ٦ ٦
80.jpg,أ ع ١
800.jpg,ل ف ط ٧ ٥ ١ ٦
801.jpg,ص ج ف ٧ ٥ ٢ ٧
802.jpg,ع أ ١ ٣ ٣ ٥
803.jpg,أ س د ٢
804.jpg,ل ف ط ٧ ٥ ١ ٦
805.jpg,ط ر أ ٢ ٥ ١ ٥
806.jpg,ى ١
807.jpg,ع ق و ٨ ٩ ٢ ٣
808.jpg,أ ن س ٤ ١ ٣ ٧
809.jpg,ع م ط ٦ ٧ ١ ٤
81.jpg,س أ أ ٦ ٣ ٩ ٢
810.jpg,ج ع ه ٤ ٨ ٣
811.jpg,ن س ر ٨ ٨ ٨
812.jpg,أ و ل ١
813.jpg,د ن ل ٤ ٩ ٢
814.jpg,أ ر ق ٨ ٣ ٤ ٥
815.jpg,ع ر ب ١
816.jpg,ف ب ر ٢ ٦ ٥ ٤
817.jpg,د ف ل ٦ ٦ ٦
818.jpg,ج ى ٧ ٧ ٢ ٣
819.jpg,ص ج ٤ ٦ ٦ ١
82.jpg,ى ١
820.jpg,و أ ع ٣ ٥ ٤
821.jpg,أ س د ٨ ٨ ٨
822.jpg,م س و ٥ ٧ ١
823.jpg,ق ل ق ٦ ٦ ٦ ٦
824.jpg,س و س ١ ١ ١ ١
825.jpg,ج ن ١ ١ ١ ١
826.jpg,أ أ ١ ١ ١ ١
827.jpg,أ ن س ١
828.jpg,ج ب ل ١
829.jpg,ج ى ب ١ ١ ١
83.jpg,ر ع ب ١ ٦ ٥ ٩
830.jpg,أ ن س ٤ ١ ٣ ٧
831.jpg,ف ع س ٦ ٥ ١ ٨
832.jpg,ه ب ٩ ٢ ٨ ٢
833.jpg,ف أ ٦ ٧ ٨ ٤
834.jpg,ل ط ج ٧ ٦ ٥ ٤
835.jpg,م ل ١
836.jpg,أ ى ص ٧ ٣ ٤ ١
837.jpg,ع ل ى ٩ ٩ ٩ ٩
838.jpg,ط ق ٦ ٦ ٢ ١
839.jpg,ف ر ع ٦ ٩ ٥
84.jpg,ف ه ٣ ٩ ٨ ٥
840.jpg,ق ق ق ٨ ٨ ٨ ٨
841.jpg,ب ح ب ٦ ٦ ٦
842.jpg,م ل ٥ ٦ ٨ ٣
843.jpg,ى ط ٦ ٧ ٨ ٧
844.jpg,م ه م ٦ ٦ ٦
845.jpg,أ ق ع ٣ ٨ ٩ ١
846.jpg,ع ج ٢ ١ ٩ ٧
847.jpg,أ ه م ١
848.jpg,ف ب أ ٨ ٣ ٤ ٦
849.jpg,ه ط أ ٥ ٩ ٨ ٢
85.jpg,ق ب ر ٧ ٨ ٤
850.jpg,ل ر ع ٨ ١ ٧ ٩
851.jpg,ع م ر ٩ ٩ ٩ ٩
852.jpg,ف أ ى ٧ ٢ ٣ ٩
853.jpg,ف ع ع ٦ ٧ ١
854.jpg,ر ج ب ٥ ٥ ٥
855.jpg,أ أ ج ٨ ٧ ٦ ٩
856.jpg,ل ن ع ٢ ٧ ٨
857.jpg,ن و ر ٤ ٤ ٤
858.jpg,ف ج ل ٢ ١ ٧ ٦
859.jpg,م ه م ٦ ٦ ٦
86.jpg,ق ق ق ٨ ٨ ٨ ٨
860.jpg,ب و ج ٩ ٧ ٤ ٢
861.jpg,ف ن ص ٤ ٢ ٥ ٦
862.jpg,ع أ ١ ٣ ٣ ٥
863.jpg,ع ه ٤ ٨ ٩ ٧
864.jpg,م ط ر ١
865.jpg,ف س د ٥ ١ ٦ ٤
866.jpg,ل ب ب ٥ ٩ ١
867.jpg,ق و ل ٥ ٤ ٨ ٩
868.jpg,س س س ٣ ٣ ٣
869.jpg,ف ه ٣ ٩ ٨ ٥
87.jpg,ف ق ط ٩ ٦ ٣ ٢
870.jpg,أ ج م ٥ ٤ ١ ٢
871.jpg,د ف ل ٦ ٦ ٦
872.jpg,م ل ١
873.jpg,أ د ف ٧ ٨ ٦
874.jpg,ط د ى ٢ ٣ ٥
875.jpg,س ب ٥ ٢ ١ ٤
876.jpg,أ أ ١ ١ ١ ١
877.jpg,م ص ٥ ١ ٨ ٦
878.jpg,أ د ف ٧ ٨ ٦
879.jpg,ن ق ٧ ٤ ٢ ١
88.jpg,ر ر ر ٥ ٥ ٥
880.jpg,ر ب ل ٩ ٨ ٧ ١
881.jpg,ى ط ٥ ٨ ٣ ٤
882.jpg,و ط ن ١
883.jpg,ف م س ١ ٤ ٧ ٣
884.jpg,ى ط ٦ ٧ ٨ ٧
885.jpg,ن ن ١ ١ ٧ ٨
886.jpg,ص ص ص ٦ ٦ ٦
887.jpg,س ى ف ١
888.jpg,ج و و ١ ١ ١
889.jpg,م ن س ٧ ٦ ١
89.jpg,م ق ب ٦ ٣ ٧ ٨
890.jpg,ن ج م ٦ ٦ ٦ ٦
891.jpg,س ع د ٣ ٣ ٣ ٣
892.jpg,د ى ٦ ٧ ٤ ٨
893.jpg,ف ف ع ٧ ٣ ١
894.jpg,م ن ى ١ ٩ ٨
895.jpg,س و ج ٣ ٢ ١ ٤
896.jpg,ف ل ل ٦ ٥ ١
897.jpg,ه س ص ٢ ٥ ٤
898.jpg,ع ط و ٤ ٨ ٩ ٢
899.jpg,د ى ط ٤ ٣ ٥
9.jpg,ع م ط ٦ ٧ ١ ٤
90.jpg,د أ أ ٣ ٥ ٧
900.jpg,ط د ق ٩ ١ ٨ ٥
901.jpg,ى ص ٥ ١ ٦ ٦
902.jpg,س و ج ٣ ٢ ١ ٤
903.jpg,ن ل ع ١ ٦ ٤
904.jpg,د ف س ٤ ٧ ٦
905.jpg,س ه ه ٧ ١ ٦
906.jpg,أ ج م ٤ ٥ ٣ ٧
907.jpg,أ ر ج ١ ٣ ١ ٨
908.jpg,أ ط ص ٧ ٤ ٩ ٦
909.jpg,ب ص ن ٥ ٦ ٨
91.jpg,ف ق ط ٨ ٢ ٩ ٣
910.jpg,ى و ن ١ ٣ ٤
911.jpg,أ ر ج ١ ٣ ١ ٨
912.jpg,أ ط ع ١ ٦ ٧ ٩
913.jpg,ن ل ع ١ ٦ ٤
914.jpg,ر د ف ١ ٢ ٣
915.jpg,ق ى س ٣ ٨ ٥ ٦
916.jpg,ل ط ن ٨ ٩ ١
917.jpg,م ل م ٥ ٤ ٧
918.jpg,أ د ق ٨ ٣ ٢ ٦
919.jpg,ط ه ن ٤ ١ ٣ ١
92.jpg,ج ن ج ١ ٢ ٥ ٤
920.jpg,ص ب ه ٧ ٤ ٣
921.jpg,ه أ ع ٩ ٨ ٥
922.jpg,ق ف ن ٨ ٦ ١
923.jpg,س ق ج ٦ ٥ ١
924.jpg,ط ه و ٩ ٤ ٦
925.jpg,د أ ط ٢ ٩ ٧
926.jpg,م م ع ٥ ٣ ٤
927.jpg,ب ى ب ٥ ٨ ٩
928.jpg,ق ق ل ٥ ١ ٨
929.jpg,ب م س ٣ ٧ ١
93.jpg,ع ل ى ٨ ٨ ٨
930.jpg,ى ق ع ٥ ١ ٦
931.jpg,أ د ط ٦ ٢ ٣ ١
932.jpg,ق ه ن ٧ ٣ ٥ ١
933.jpg,أ ه ع ٨ ٧ ٥ ١
934.jpg,أ ن ل ١ ٤ ٨ ٢
935.jpg,م ى ط ٥ ٦ ٩
936.jpg,أ ر م ٨ ٣ ٩ ٤
937.jpg,ج ج ه ٨ ٤ ١
938.jpg,ه و و ٧ ٣ ٤
939.jpg,ط د و ٤ ٧ ٢
94.jpg,ق س ل ٩ ٥ ١ ٣
940.jpg,د أ ٣ ٣ ٩ ٥
941.jpg,ص ج و ٣ ٧ ٥
942.jpg,ى د ط ٥ ١ ٤
943.jpg,ط ر ص ٣ ٧ ٧ ٩
944.jpg,ر أ ط ٣ ٤ ٧
945.jpg,ق ط ل ٦ ٣ ٢ ١
946.jpg,س ل ع ٦ ٤ ٣
947.jpg,س ل ط ٦ ٥ ٤ ٢
948.jpg,ر ع ص ٥ ٦ ١
949.jpg,أ ج ل ٧ ٤ ٨ ٣
95.jpg,ع أ ى ٣ ٧ ٨ ٩
950.jpg,ق أ ل ٦ ٣ ٢
951.jpg,ص ق ط ٧ ٥ ٨
952.jpg,أ أ ق ٢ ٩ ٨
953.jpg,ن أ ه ٨ ٢ ٣
954.jpg,أ ل ج ٨ ١ ٤ ٦
955.jpg,ر ب أ ٤ ٣ ٨ ٩
956.jpg,أ ل ج ٨ ١ ٤ ٦
957.jpg,ف ج ج ٢ ٣ ٤
958.jpg,ف ل ل ٦ ٥ ١
959.jpg,ق م ن ١ ٦ ٥
96.jpg,س ى د ٦ ٦ ٦
960.jpg,ب د ن ٣ ٤ ٩
961.jpg,أ د ع ٤ ٨ ٧ ٥
962.jpg,ط د ن ٤ ٧ ١
963.jpg,ص ل أ ٧ ٤ ٩
964.jpg,ه ر أ ٤ ٣ ٩
965.jpg,ر د ف ١ ٢ ٣
966.jpg,أ ج ق ٥ ٦ ٨ ٩
967.jpg,ب د ن ٣ ٤ ٩
968.jpg,ل ف ه ١ ٦ ٣
969.jpg,ج ى ع ٣ ٥ ٩
97.jpg,ط ر ع ٧ ٨ ٦ ٩
970.jpg,و ط د ٦ ٥ ١ ٣
971.jpg,و ر أ ٥ ١ ٣
972.jpg,ب د ن ٣ ٤ ٩
973.jpg,ق و ف ٦ ٣ ٨
974.jpg,أ ف ط ٣ ٧ ٢ ٥
975.jpg,س ر د ٨ ١ ٦ ٧
976.jpg,ى د ل ٥ ٧ ٣
977.jpg,ج ى ع ٣ ٥ ٩
978.jpg,ص ل ى ٩ ٤ ٨
979.jpg,ل ط ن ٨ ٩ ١
98.jpg,ف ه ٣ ٩ ٨ ٥
980.jpg,أ ى ط ٣ ٢ ٦ ٧
981.jpg,ر ج ه ٩ ٣ ٦
982.jpg,أ ل ق ٩ ٧ ٣ ١
983.jpg,س ط د ٤ ٦ ٧
984.jpg,أ أ ق ٢ ٩ ٨
985.jpg,أ ط ع ٦ ٥ ١ ٩
986.jpg,س ه ه ٧ ١ ٦
987.jpg,ق م س ٨ ٧ ٦
988.jpg,ن ق ٧ ٤ ٨ ١
989.jpg,س ص ق ٧ ٤ ٦
99.jpg,ق ج ب ٦ ٤ ٢ ٨
990.jpg,ر ف ط ٩ ٢ ٧ ١
991.jpg,د أ ط ٢ ٩ ٧
992.jpg,ط د ق ٩ ٨ ٥
993.jpg,أ ل ع ٨ ٦ ١ ٧
994.jpg,أ ب ق ٢ ٣ ٦ ١
995.jpg,ب ق و ٥ ٤ ٧
996.jpg,ن ص ى ٧ ٥ ٣
997.jpg,ع ف أ ٦ ٢ ٨
998.jpg,ل ح ب ٢ ١ ٤
999.jpg,ف ن س ٢ ٤ ٩
no1,م أ ى  ١٩٧
no2,ف ه ى ٩١٦
no3,م ق ٨٨٣٩
no4,ع أ و  ٤٥٦
no5,أ ب ق ٦٣٨
no6,أ ر ص ٨٧٥٢
no7,أ ف ل ٥٩٨٧
no8,س ط ع ٥٩٧
no9,م ق ب ٢٤٨
no10,أ ع أ ٨٩٣
no11,د و ب ٤٩٩١
no12,أ ر ى ٩٨٣٧
no13,ه ى ٣١٨٣
no14,ع ل ب ٣٥٧٥
no15,ب م ط ٩٦١
no16,أ ر ى ٩٣٥٦
no17,أ ر س ٧٣٦٣
no18,ص ى ط ١٦٧
no19,س ف و ٤٥٦
no20,أ د د ٧٣٥
no21,أ و ع ٤٧٢٣
no22,ن س د ٤٦٢
no23,ط ط ج ٨٧١
no24,أ ب ج ٨٥٩٣
no25,ف ل ق ٦٥٤
no26,و ق و ٥٤٦
no27,ط س ط ٩٥٧
no28,ع ل ٥٨٦٣
no29,ه م و ٥١٤
no30,ل ط ى ٥٩٤
no31,ص ى ط ٣٥٤
no32,أ ى ع ٣٤٦٧
no33,أ س ن ٤٦٢٣
no34,أ ق ل ٦٨٩
no35,د أ ب ٤٥٨
no36,ف ى ع ١٦٩
no37,ه س ق ٧٥٣
no38,أ ر أ  ٦٩٥٧
no39,ب ه ه ٦١٧
no40,أ أ ج ٨٣٩٩
no41,س و ه ٥٤٣
no42,ب أ ه ٦٧٢
no43,ق ر ه ٨٤١
no44,أ ل ج ٩٣٣٢
no45,ى ل ط ١٦٤
no46,ه أ ١٧٦٨
no47,ج ق ق ٩٨٣
no48,و ق ٧١٦٥
no49,ط ط ٥٢٨٩
no50,أ ج ف ٢١٣٤
no51,ج ص د ١٨٧
no52,ج ط ط ٤٩٣
no53,ع ن س ٩٤٨
no54,م ب ه ١٦٨
no55,ع د ب ٨٩٢
no56,م ط ل ٤٧٦
no57,ص ط د ٧٣٩
no58,ن ع و ٣٨٢
no59,أ د ج ٤١٣٥
no60,ى ق ٧٨٣٢
no61,أ ن ج ٤٢٦٧
no62,أ ر ص ١٧٩٧
no63,ه ق ج ٦٩٥ 
no64,ص ط ص ١٩٥
no65,د س س ١٥٩
no66,أ ى ر ٥٢٩١
no67,ه ع ل ٤٢٩
no68,و ن ٣٧١٥
no69,ه ق ٧٣٥٥
no70,ف ع ج ٥١٢
no71,أ ج ق ١٩٤٢
no72,ر د ر ١٣٤
no73,ف م س ٦٧٣٢
no74,م س و ٥٢٦
no75,د ص ق ٥٣١
no76,أ ه ع ٦٤٢١
no77,ل أ ق ٥٦٧
no78,ق ى ط ٢٩٧
no79,ه د ن ٧٨٦
no80,أ ه س ٤٧١
no81,ى ج ج ٤٥٢
no82,د ر أ  ٣٦٨٩
no83,ر ى ٢٤٨٩
no84,أ د ص ٢٨٦٥
no86,ع ق ٤٦٣٧
no87,ق م ر ٤٧٩
no88,د ر  ٤١٦٣
no89,ى ر ط ٤٢١ 
no90,ى ل ه ٩٣٥
no91,أ و ع ٢٤٩٨
no92,ج م م ٦٥٧
no93,ى ر ج ٩٥٣
no94,أ ط ف ٣٧٥١
no95,ص د ٩٨٦٦٥
no96,ع ن ٩٧٢٨
no97,أ د ر ١٤١٩
no98,أ ب ف ٤٨٣٥
no99,ع ن ٩٥٣٤
no100,ج ر ١٤٩٢
no101,أ ط ص ٢٣٥٨
no102,ص ر ٢١٥٣
no103,أ ع ١٨٩٩
no104,أ و ب ١٩٦٣
no105,ن م ٢٩١٤
no106,أ ر ٨٤٧٩
no107,ج و ه ٤٣١
no108,ن ر ل ٤٢٧
no109,أ ف ى ٢١٧
no110,أ ص ن ٦٢٩٣
no111,ق ى ٨٨٢٦
no112,م ن ر ٨٣٤٥
no113,ط ب ٣٢٦٥
no114,ر ل ٨٩٢٦
no115,س ج ٩٦٩٥
no116,أ د ع ٤٨٢٦
no117,ف ل ه ٦٢٧
no118,ع ط ع ١٨٩
no119,ل م ٩٢٨٣
no120,د ر ٩٧١٦
no121,ب ى د ٧١٣
no122,ع ب ٢١٥٦
no123,ه ط ٣١٨٤
no124,و ص و ٩٣٦
no125,م ل ٨٥٥٢
no126,ف ف ١١٢٢
no127,ف د و ٩٣٦
no128,ن د أ  ٧٧٧٧
no129,ع ه ٧٥٣٦
no130,ر س ق ٢٥٧٤
no131,ن س ر ٨٨٨٨
no132,س ى ٢٥٦٧
no133,ب م ٧٤١٥
no134,ق و ٧١٧٤
no135,س ى ف ١
no136,ع س ٨٨٨٨
no137,د ل ع ٢٢٢
no138,ص ص ٩١١٩
no139,م أ ر ٤٦٥٧
no140,ج د ع ٦٦٦٦
no141,ن ج م ٣٣٣٣
no142,ط ق ٨٧٢٢
no143,أ ج ق ٩٨٤٢
no144,ف ر س ٢٢٢
no145,أ ه ر ٩٥٤٢
no146,س س س ١٣١٣
no147,أ م م ٣٣٣٣
no148,أ ف ط ٧٨٢٤
no149,ع ع ع ١
no150,ق ه ن ٦٨٤٩
no151,ف ف ٢٥٢٥
no152,س ق ن ١٥٣
no153,ص ص ص ٥٥٥٥
no154,س ب ع ٥٢٥٢
no155,ى ج ٤٢٢٧
no156,د ب أ  ١
no157,ص س أ  ٨٢٦
no158,ع ل ى ٥٥
no159,أ  ٢
no160,أ ه م ٣٣
no161,س و س ٦٦٦٦
no162,ب ع ٧٥٦٢
no163,ل ل ٧٧٧٧
no164,ف د ط ٧٢١٩ 
no165,ق أ ٧٣٨٥
no166,ع ل ى ١٥٥٥
no167,م م م ١١٢
no168,ج و ٧٧٧٧
no169,ر ع د ٦٦٦٦
no170,أ و ع ١٩٨٥
no171,س ن ٥٥٥٥
no172,ق ع ل ٣١٧
no173,س ج ج ٨٤٦
no174,ص ص ٧٣٧٣
no175,س ى د ٣٣٣
no176,و و ٤٤٣٣
no177,س ى د ٢
no178,ب و س ٦٩
no179,أ ل ق ٢١٩٧
no180,ن ن ن ٩٩٩
no181,ق ص ر ٢٢٢٢
no182,أ س ف ١
no183,و د ط ١٩٢
no184,م أ ن ٦٦٦٦
no185,م و و ٧١٧
no186,ه و ن ١
no187,م ط ر ٧٧٧
no188,د و ل ٥٥٥
no189,ع ع ٤٤٤٤
no190,ن ل س ٣٢٩
no191,ى ح ٦١٦٥
no192,و أ ٩٩١٢
no193,م ص ر ٢
no194,م ٢٢
no195,ج و  ١
no196,س ى د ٢
no197,و و ٨٤٢٩
no198,أ م ج ٣٧١٧
no199,أ ط ط ٣٨٤
no200,أ  ٩
no201,م ٥
no202,د ى ب ٧٦١
no203,ف ج ٤٤٤٤
no204,م ٦٦٦
no205,د أ ل ٧٧٧٧
no206,ق ق ٨٨٥٥
no207,ق ى ١٦٩٤
no208,ع ٣
no209,ب ج د ٥٥٥٥
no210,و م و ٨٧١
no211,ج ن ه ١١١١
no212,ع ى د ١١١
no213,ى ط ى ٤٣٢
no214,ق م ر ١٤
no215,س ر م ١٢٣٤
no216,ص ص ٤٤٥٥
no217,ن س ر ٧٣٧
no218,أ ر  ١
no219,ل ل ١
no220,ط ط ط ٧٧٧
no221,س ى ف ٨٨٨
no222,ط ط ١١١١
no223,س س س ١١٨٨
no224,س ق ن ٨١١٧
no225,م ف ٥٦١٦
no226,م ع ه ٦٩٢
no227,ب د ٨٦٤٩
no228,أ ل ن ٧٨٦٣
no229,م ج ه ٥١٤٦
no230,ق و ص ٥٣٢٦
no231,أ ى ج ٢٦٧٦
no232,ص ق ٥١٦٧
no233,ف ط ٩٥٢٣
no234,م ق ط ٥٣٨
no235,و م أ ٤٦٧٣
no236,و و ٦٥١٩
no237,و و ٧٩٩٧
no238,ب أ ه ٩٣٧
no239,ب أ و ١٨٣
no240,ا ر د ٥١٩٥
no241,ل و ٩٢٥٤
no242,ى د ع ١٢٤
xyz_cropped0.jpg,ع ق ٧ ٣ ٦ ٤
xyz_cropped1.jpg,ه‍ ب ١ ٩ ١ ٢
xyz_cropped2.jpg,د ب ٢ ٧ ٨ ٣
xyz_cropped3.jpg,ب ط ٩ ٧ ٣ ٦
xyz_cropped4.jpg,ر ى ٢ ٣ ٥ ٥
xyz_cropped5.jpg,ط ن ٩ ٢ ٨ ٧
xyz_cropped6.jpg,ى و س ٥ ٦ ٤ ٣
xyz_cropped7.jpg,ط ن ٩ ٢ ١ ٢
xyz_cropped8.jpg,ب و ج ٩ ٧ ٤ ٢
xyz_cropped10.jpg,س ع ٢ ٥ ١ ٩
xyz_cropped12.jpg,س أ ٣ ٥ ٩ ٩
xyz_cropped13.jpg,د و ق ٥ ١ ٩ ٢
xyz_cropped14.jpg,أ ج س ٨ ٦ ٥ ٧
xyz_cropped15.jpg,ر ق ل ٢ ١ ٥
xyz_cropped16.jpg,ن ه ٩ ١ ٨ ٤
xyz_cropped18.jpg,ه ن س ٨ ٩ ٦ ٧
xyz_cropped19.jpg,أ ل ع ١ ٧ ٢
xyz_cropped20.jpg,د و ٦ ٢ ٥ ٣
xyz_cropped22.jpg,ى ب س ٩ ١ ٧ ٥
xyz_cropped23.jpg,ص ه ١ ٦ ٨ ٢
xyz_cropped24.jpg,ف و  ٢ ٦ ٤ ٦
xyz_cropped25.jpg,ط س أ ٩ ٦ ٩ ٤
xyz_cropped26.jpg,ه ن ج ٥ ٧ ٦
xyz_cropped27.jpg,م ن ج ٢ ٥ ٦
xyz_cropped28.jpg,ر ه ص ١ ٥ ٧
xyz_cropped29.jpg,ط د م ٥ ٩ ٨ ٢
xyz_cropped30.jpg,و ع ه ١ ٤ ٢
xyz_cropped31.jpg,د و ر ٤ ١ ٦
xyz_cropped33.jpg,ق ف د ٨ ٧ ٢
xyz_cropped34.jpg,و ل ه ٩ ٣ ٥
xyz_cropped36.jpg,ص ق ن ٤ ٦ ٧
xyz_cropped37.jpg,ب د ن ٥ ١ ٤
xyz_cropped38.jpg,س ف ى ١ ٤ ٦ ٢
xyz_cropped39.jpg,ل و ع ٧ ٨ ٤
xyz_cropped40.jpg,و د ق ٣ ٨ ٩
xyz_cropped41.jpg,و و ١ ٤ ٥ ٥
xyz_cropped42.jpg,ر و ٢ ٦ ٦ ٨
xyz_cropped43.jpg,د ط ط ٦ ٩ ٢
xyz_cropped44.jpg,ر ر س ٤ ٥ ١
xyz_cropped45.jpg,ق ه ى ٩ ٣ ٦
xyz_cropped46.jpg,ط و ٩ ٣ ٥ ٣
xyz_cropped47.jpg,ط د م ٩ ٥ ١ ٥
xyz_cropped48.jpg,ط ج أ ٢ ٦ ٢ ٨
xyz_cropped49.jpg,ف ر ٨ ٧ ٥ ١
xyz_cropped50.jpg,ب ص ق ٧ ٩ ٢
xyz_cropped51.jpg,ل ص ٢ ٤ ٣ ٣
xyz_cropped52.jpg,ق ه ٩ ٨ ٧ ٢
xyz_cropped53.jpg,د ف ٥ ٢ ٦ ٩
xyz_cropped54a.jpg,ل ف ١ ٤ ٩ ٤
xyz_cropped55.jpg,د ل ٥ ٣ ٦ ١
xyz_cropped57a.jpg,ص ق ٢ ١ ٦ ٢
xyz_cropped58.jpg,د ق ٤ ١ ٧ ٢
xyz_cropped59.jpg,د و ٤ ٧ ٢ ٦
xyz_cropped60.jpg,د ع ٦ ١ ٧ ٣
xyz_cropped63.jpg,ق أ ٢ ٦ ٤ ٤
xyz_cropped64.jpg,ق ه ٩ ٨ ٧ ٢
xyz_cropped65.jpg,ى ق ٦ ٦ ٣ ١
xyz_cropped67.jpg,ج ل ٦ ٤ ٣ ٧
xyz_cropped69.jpg,ج م ف ٤ ٢ ٥ ٩
xyz_cropped70.jpg,د ع ٦ ١ ٧ ٣ 
xyz_cropped71.jpg,س ف ط ٢ ٣ ١ 
xyz_cropped72.jpg,ى ج س ٣ ٧ ٩ ٢ 
xyz_cropped73.jpg,د ف ٥ ٢ ٦ ٩ 
xyz_cropped74a.jpg,ى و ٤ ٣ ٢ ٧  
xyz_cropped75.jpg,س أ ب ١ ٥ ٧ ٩ 
xyz_cropped77a.jpg,ى ج س ٣ ٧ ٩ ٢ 
xyz_cropped78.jpg,ب أ ١ ٤ ٩ ٤ 
xyz_cropped79.jpg,ل ه ١ ٣ ٨ ٣ 
xyz_cropped80.jpg,م ه ٧ ٦ ٩ ٨ 
xyz_cropped81.jpg,م ه ٧ ٦ ٩ ٨  
xyz_cropped82.jpg,ه ع ٩ ٧ ٤ ٨ 
xyz_cropped83.jpg,ى ق ٦ ٦ ٣ ١ 
xyz_cropped84.jpg,و ن ٧ ٢ ٩ ٨ 
xyz_cropped85.jpg,د ل ٥ ٣ ٦ ١  
xyz_cropped88.jpg,س ع ٧ ٦ ٩ ٥  
xyz_cropped89.jpg,أ ل ف ٥ ٨ ٣ ٤  
xyz_cropped90.jpg,ب ه ٩ ٧ ٩ ٥  
xyz_cropped91.jpg,ط ل ٦ ٨ ٧ ٩  
xyz_cropped92.jpg,ج ف ٨ ٤ ٢ ٢  
xyz_cropped93.jpg,ل ه ١ ٣ ٨ ٣ 
xyz_cropped94.jpg,ل ف ١ ٤ ٩ ٤ 
xyz_cropped95.jpg,أ ل ف ٥ ٨ ٣ ٤  
xyz_cropped96.jpg,ط س ج ٦ ٥ ٨ 
xyz_cropped97a.jpg,أ ل ف ٥ ٨ ٣ ٤  
xyz_cropped99.jpg,أ د ٢ ٦ ٣ ٧ 
xyz_cropped100.jpg,س م ٦ ٣ ٥ ٢
xyz_cropped103.jpg,س م ٦ ٣ ٥ ٢
xyz_cropped104.jpg,س ف ٧ ٥ ٦ ٤
xyz_cropped105.jpg,ف ه ٩ ٣ ٤ ٢
xyz_cropped106.jpg,س م ٦ ٣ ٥ ٢
xyz_cropped108.jpg,س ف ٧ ٥ ٦ ٤
xyz_cropped109.jpg,س أ ١ ٥ ٤ ٢
xyz_cropped110.jpg,س م ٦ ٣ ٥ ٢
xyz_cropped111.jpg,ج ب ب ٧ ٣ ٥
xyz_cropped112.jpg,ق ب ٢ ٥ ٤ ٢
xyz_cropped113a.jpg,أ ف ى ٩ ٥ ٨ ٤
xyz_cropped114.jpg,أ ع ٢ ٧ ٥ ٩
xyz_cropped115.jpg,د ى ٧ ٥ ٤ ٩
xyz_cropped116.jpg,أ م ٥ ٨ ٢ ١
xyz_cropped117.jpg,ه س ط ٣ ٩ ٤
xyz_cropped118.jpg,ط م ٥ ٩ ٢ ٤
xyz_cropped119.jpg,ه ر ٩ ٨ ١ ٨
xyz_cropped120.jpg,ق ى ٤ ٩ ١ ٣
xyz_cropped121.jpg,ه م ٣ ٩ ٨ ٤
xyz_cropped122.jpg,ى ع ٦ ١ ٨ ٣
xyz_cropped123.jpg,ن ل ٢ ٩ ٨ ٧
xyz_cropped124.jpg,ق ى ٤ ٩ ١ ٣
xyz_cropped125.jpg,د و ٤ ٧ ٢ ٦
xyz_cropped126.jpg,أ ع ٢ ٧ ٥ ٩
xyz_cropped127.jpg,ف ص ج ٨ ٢ ٦
xyz_cropped128.jpg,س ج ٧ ٧ ٤ ٣
xyz_cropped129.jpg,و ب ص ٣ ٧ ٩
xyz_cropped132.jpg,ع ى ٩ ٦ ٢ ٣
xyz_cropped135.jpg,ط ج ٢ ٥ ٦ ٦
xyz_cropped136.jpg,ب ن ٤ ٧ ٦ ١
xyz_cropped137.jpg,أ و ٦ ٥ ٦ ٨
xyz_cropped138.jpg,م و ٤ ٥ ٩ ٧
xyz_cropped139.jpg,ل ه ٧ ٩ ٢ ٦
xyz_cropped140.jpg,أ و ٦ ٥ ٦ ٨
xyz_cropped141.jpg,ل ه ٧ ٩ ٢ ٦
xyz_cropped143.jpg,ب ن ٤ ٧ ٦ ١
xyz_cropped144.jpg,و ى ٢ ٨ ٤ ٣
xyz_cropped145.jpg,ط ع ٩ ٤ ٥ ٧
xyz_cropped146.jpg,ف ط ٧ ١ ٨ ٣
xyz_cropped147.jpg,م ج ج ٥ ٧ ١
xyz_cropped148.jpg,م ج ج ٥ ٧ ١
xyz_cropped149.jpg,ص ف ٢ ٣ ٨ ٥
xyz_cropped151.jpg,ى م ٨ ٥ ٧ ٩
xyz_cropped152.jpg,ط ع ٩ ٤ ٥ ٧
xyz_cropped153.jpg,ط ل ٦ ٧ ٢ ٨
xyz_cropped154b.jpg,ق ل ه ٤ ٢ ٥
xyz_cropped155a.jpg,س ل ٤ ٥ ١ ٢
xyz_cropped156.jpg,ط ل ٦ ٧ ٢ ٨
xyz_cropped157.jpg,و ى ٢ ٨ ٤ ٣
xyz_cropped159.jpg,ن ط ٨ ٢ ١ ٥
xyz_cropped160.jpg,س ق ٤ ٥ ٢ ٣
xyz_cropped161.jpg,ص ى ٨ ٤ ٩ ٥
xyz_cropped162.jpg,س ع ٧ ٦ ٩ ٥
xyz_cropped163a.jpg,س ق ٤ ٥ ٢ ٣
xyz_cropped165.jpg,ط ص ١ ٦ ٢ ٧
xyz_cropped169.jpg,أ م ٢ ٩ ٤ ١
xyz_cropped170.jpg,س ف ١ ٤ ٦ ٢
xyz_cropped171.jpg,س ف ١ ٤ ٦ ٢
xyz_cropped172.jpg,ف و ٢ ٦ ٤ ٦
xyz_cropped173.jpg,أ م ٨ ٧ ٢ ٤
xyz_cropped174.jpg,ط ق ٢ ٤ ٩ ٩
xyz_cropped176.jpg,ط ل ٦ ٧ ٢ ٨
xyz_cropped177.jpg,ف ج ٣ ١ ٦ ٨
xyz_cropped179.jpg,ط ص ى ٩ ٣ ١
xyz_cropped180.jpg,ف ج ٣ ١ ٦ ٨
xyz_cropped181.jpg,أ م ٨ ٧ ٢ ٤
xyz_cropped182.jpg,ص ج ٤ ٤ ٧ ٨
xyz_cropped184.jpg,س ع ٣ ٦ ٥ ٩
xyz_cropped185.jpg,أ م ٨ ٧ ٢ ٤
xyz_cropped189.jpg,ف ق ٦ ٢ ٢ ٤
xyz_cropped190.jpg,ط ق ٢ ٤ ٩ ٩
xyz_cropped191.jpg,ق ج ٦ ٧ ٢ ٧
xyz_cropped193.jpg,ى ن ل ٩ ١ ٢
xyz_cropped194.jpg,ر م ق ٢ ٣ ٨ ٧
xyz_cropped195.jpg,ط و ٢ ٢ ١ ٨
xyz_cropped196.jpg,م س ق ٨ ٩ ٥
xyz_cropped197.jpg,ر ل ٤ ٦ ٣ ١
xyz_cropped199.jpg,ر م ق ٢ ٣ ٨ ٧
xyz_cropped200.jpg,أ ب ط ٢ ٣ ٤ ٧
xyz_cropped201.jpg,ى س ٩ ١ ٤ ٣
xyz_cropped203.jpg,ر ل ى ٨ ١ ٦
xyz_cropped204.jpg,ل ج ٦ ٣ ١ ٥
xyz_cropped205.jpg,ر ه ٥ ٤ ١ ١
xyz_cropped206.jpg,ر ف ٧ ٦ ٧ ٢
xyz_cropped208.jpg,ج ع ٣ ٨ ٩ ٦
xyz_cropped209.jpg,ن ى ٤ ٢ ٨ ٩
xyz_cropped210.jpg,ق أ ٣ ٩ ٢ ٨
xyz_cropped211.jpg,ى ط ٨ ٥ ١ ٣
xyz_cropped212.jpg,ط ط ٢ ٣ ٨ ٤
xyz_cropped213.jpg,ر م أ ٣ ٨ ٢
xyz_cropped214.jpg,ف د ج ٢ ٩ ٧
xyz_cropped215.jpg,ب م ٩ ٢ ٤ ٥
xyz_cropped216.jpg,ج و ٢ ٤ ٨ ٥
xyz_cropped217.jpg,ص ن ٩ ٣ ٦ ٢
xyz_cropped218.jpg,ق ى ٣ ٢ ٧ ٦
xyz_cropped219.jpg,و ج ٩ ٥ ١ ٢
xyz_cropped220.jpg,ق م ١ ٢ ٣ ٩
xyz_cropped221.jpg,أ ف ٩ ٧ ٦ ٣
xyz_cropped222.jpg,ص ه ٢ ٦ ٣ ٥
xyz_cropped223.jpg,ر ع ٣ ٧ ٥ ١
xyz_cropped224.jpg,س ج ٥ ٧ ٣ ٥
xyz_cropped225.jpg,ق ى ع ٧ ٤ ٣
xyz_cropped226.jpg,ج م ٧ ٩ ٦ ١
xyz_cropped227.jpg,ط ع ٨ ٣ ٦ ١
xyz_cropped228.jpg,ق ق ٢ ٥ ٤ ٧
xyz_cropped229.jpg,س ج ٦ ٦ ٧ ١
xyz_cropped230.jpg,س ل ٤ ٧ ٣ ٢
xyz_cropped231.jpg,ى ص ٢ ٣ ٧ ٧
xyz_cropped232.jpg,ه ط ٣ ٤ ٩ ٦
xyz_cropped233.jpg,أ ف ٣ ٤ ٢ ٩
xyz_cropped234.jpg,أ ط ٢ ٤ ٦ ٢
xyz_cropped235.jpg,و ل ٢ ٥ ٤ ٦
xyz_cropped236.jpg,ف ن د ٢ ٦ ٨ ٤
xyz_cropped237.jpg,ن س د ٤ ٣ ٢ ١
xyz_cropped238.jpg,ع ه ٦ ٨ ٧ ٣
xyz_cropped239.jpg,س و ٣ ٨ ٦ ٤
xyz_cropped240.jpg,س ى ٧ ٥ ٩ ١
xyz_cropped241.jpg,ر ى ٨ ٦ ٩ ٣
xyz_cropped242.jpg,ر أ ٤ ٨ ٢ ٥
xyz_cropped243.jpg,س ق ٤ ٩ ٢ ٦
xyz_cropped244.jpg,ه ج ٧ ١ ٢ ٤
xyz_cropped245.jpg,د ى ٣ ٨ ١ ٦
xyz_cropped246.jpg,ن ج ٤ ١ ٤ ٣
xyz_cropped247.jpg,ى ج ٤ ٧ ١ ٨
xyz_cropped248.jpg,ل س ص ٢ ٧ ٣ ٦
xyz_cropped249.jpg,ب د ١ ٨ ٦ ٩
xyz_cropped250.jpg,ج و ٤ ٩ ٣ ٥
xyz_cropped253.jpg,و ع ١ ٨ ٦ ٧
xyz_cropped254.jpg,أ ل ٥ ٤ ٦ ٢
xyz_cropped255.jpg,ن ج ٦ ٤ ٢ ٥
xyz_cropped256.jpg,ف م ٧ ٢ ٩ ١
xyz_cropped257.jpg,ص ه ق ٣ ٤ ٧
xyz_cropped258.jpg,ف ج ٣ ٦ ٨ ٥
xyz_cropped259.jpg,ر و ٦ ٢ ٣ ٧
xyz_cropped260.jpg,ر ى ٨ ٤ ٩ ٩
xyz_cropped261.jpg,د و ٣ ٨ ٦ ٨
xyz_cropped262.jpg,ط م ٤ ٥ ٢ ٨
xyz_cropped263.jpg,د و ٥ ٩ ١ ٩
xyz_cropped264.jpg,ى ه ٧ ١ ٨ ٤
xyz_cropped265.jpg,س و ٣ ٣ ٨ ٢
xyz_cropped266.jpg,س ج ٨ ٦ ٦ ٩
xyz_cropped267.jpg,س ف ٥ ٦ ٦ ١
xyz_cropped268.jpg,و أ ٥ ٦ ٨ ٧
xyz_cropped269.jpg,ق ق ٢ ١ ٥ ١
xyz_cropped270.jpg,س و ٢ ٩ ٧ ٢
xyz_cropped271.jpg,ف و ٨ ١ ٣ ٩
xyz_cropped272.jpg,د ى ٩ ١ ٣ ٨
xyz_cropped273.jpg,ط ل و ٥ ٤ ٦ ٧
xyz_cropped274.jpg,س ف ٦ ٧ ٥ ٤
xyz_cropped275.jpg,ق و ٦ ٨ ٨ ٣
xyz_cropped277.jpg,ص أ ٣ ٩ ١ ٤
xyz_cropped278.jpg,و ع ٢ ٦ ٥ ٨
xyz_cropped279.jpg,أ ج ٤ ٦ ٧ ٦
xyz_cropped280.jpg,ب ع ٧ ٦ ٤ ٣
xyz_cropped281.jpg,أ ن ٥ ٦ ٣ ٨
xyz_cropped282.jpg,ف ع ٧ ٢ ٣ ٦
xyz_cropped283.jpg,ر ى ٧ ١ ١ ٢
xyz_cropped284.jpg,ه و ٢ ٧ ١ ٩
xyz_cropped285.jpg,ه و ٢ ٧ ١ ٩
xyz_cropped286.jpg,ر ى ٧ ١ ١ ٢
xyz_cropped287.jpg,ن ج ٨ ٢ ٩ ٤
xyz_cropped288.jpg,ع ى س ٤ ٩ ٣ ٨
xyz_cropped289.jpg,ق م ط ٦ ٨ ٥ ٤
xyz_cropped290.jpg,ف ق أ ٦ ٥ ١
xyz_cropped291.jpg,ع ه ٢ ١ ٤ ٣
xyz_cropped292.jpg,ب ق ٥ ٨ ٣ ٩
xyz_cropped293.jpg,د ب ق ٧ ٩ ٢ ٤
xyz_cropped295.jpg,ص أ ٥ ٩ ٨ ٧
xyz_cropped296.jpg,ط ه ص ٩ ٥ ٢ ٤
xyz_cropped298.jpg,د و ص ٥ ٧ ٩ ٦
xyz_cropped299.jpg,ج م ط ٨ ٥ ٦
xyz_cropped300.jpg,ص و ٩ ٥ ٧ ٨
xyz_cropped301.jpg,أ ب ج ٩ ٦ ٦ ٥
xyz_cropped302.jpg,ق ل ٢ ٦ ٧ ٩
xyz_cropped304.jpg,ر ل ٤ ٤ ٨ ٥
xyz_cropped305.jpg,م و ٣ ٧ ١ ١
xyz_cropped306.jpg,س و ٣ ٩ ٢ ٨
xyz_cropped308.jpg,م ص ل ٦ ٢ ٧
xyz_cropped309.jpg,س ق ص ٩ ٥ ٥ ١
xyz_cropped310.jpg,ب ل س ٨ ٥ ٢ ٩
xyz_cropped311.jpg,د و ص ٥ ٧ ٩ ٦
xyz_cropped312.jpg,ه ى ٧ ٤ ٧ ١
xyz_cropped313.jpg,ن ق ١ ٩ ٤ ٦
xyz_cropped314.jpg,ص ب ج ٧ ٨ ١
xyz_cropped315.jpg,ى ط ٥ ٨ ٣ ٤
xyz_cropped316.jpg,ط ر ع ١ ٤ ٥ ٢
xyz_cropped317.jpg,س ق ٩ ١ ٥ ٦
xyz_cropped318.jpg,أ ن ج ٤ ٥ ١ ٧
xyz_cropped319.jpg,ن ر ر ١ ٥ ٩
xyz_cropped320.jpg,ى ل ٩ ٦ ٨ ٥
xyz_cropped321.jpg,ق ع ٣ ٨ ٩ ٦
xyz_cropped322.jpg,ن ر ٩ ٨ ٩ ٦
xyz_cropped323.jpg,د ع و ٦ ١ ٤
xyz_cropped324.jpg,س ى ٥ ٩ ٤ ١
xyz_cropped325.jpg,ى ل ى ٤ ١ ٨
xyz_cropped326.jpg,ق ى ٢ ٣ ٥ ١
01_Aa.JPG,۳۲٦۳ ا  ب ن 
02_Aa.JPG,ق ب ن ۸۹۷
03_Aa.JPG,ن ا م ٦۲۱۳
04_Aa.JPG,ه ف س  ٣١٩
05_Aa.JPG,س د ه ٢٧٤
06_Aa.JPG,ق ي ه ٢٧٥١
07_Aa.JPG,ل ب م ٦۸۲۳
08_Aa.JPG,ا ق ه ۲۱٤۸
09_Aa.JPG,ه ر م ۷۷۷۷
10_Aa.JPG,ه ر م ۱۷۷۷
11_Aa.JPG,س ج ۷۲۲۳
12_Aa.JPG,ا ه ٥۱٤٥
13_Aa.JPG,ا ي و ٤۷۳۹
14_Aa.JPG,ن ع  ٦٢٧٥
15_Aa.JPG,ق ص ٤٥٤٨
16_Aa.JPG,م ج  ه ٣٤٩٢
17_Aa.JPG,ق ب ص ٤٣٩١
18_Aa.JPG,ر د ل ٣٢٤٩
19_Aa.JPG,ط ع  ج ٧٦٨٥
20_Aa.JPG,ب د ٨٣٧٦
21_Aa.JPG,ا ج ه ٨٢٣٧
22_Aa.JPG,ا ن ص ٩٥١٢
23_Aa.JPG,د ر ٧٥٤
24_Aa.JPG,ن ع ل ٦٩٢
25_Aa.JPG,ن ا س ٦١٢٩
26_Aa.JPG,س ع ا ٨٧٤
27_Aa.JPG,ص ق ن ٥١٣
28_Aa.JPG,ق ر ب ٣٤٩٧
29_Aa.JPG,ق ج و ٣٤٨٢
30_Aa.JPG,م ج ه ٣٤٩٢
31_Aa.JPG,س م و ٢١٩٧
32_Aa.JPG,د ف ف ٩٤١
33_Aa.JPG,ق م ن ٥٩٧٤
34_Aa.JPG,ف ج ص ٥١٩
35_Aa.JPG,س ط د ١٥٤٨
36_Aa.JPG,ا ف ع ٢٤٥٧
37_Aa.JPG,ج م ق ٨١٥٣
38_Aa.JPG,ر و ق ٧٥٤٣
39_Aa.JPG,ه ع ٨١٦٧
40_Aa.JPG,ج م ٣٩٢٥
41_Aa.JPG,س ج ۷۲۲۳
42_Aa.JPG,ع ر ج ٤٤١٦
43_Aa.JPG,ا ب ق ٦٢٣٥
44_Aa.JPG,س و ٨١١٧
45_Aa.JPG,ص ق ٥٤٩٥
46_Aa.JPG,د ع ن ٦٢٩
47_Aa.JPG,ب ر ط ٩٥١٤
48_Aa.JPG,ط م ٤٥٦٧
49_Aa.JPG,ق ص ا ٢٢١٤
50_Aa.JPG,ص ن  ٦٦٧٨
51_Aa.JPG,ق ص ا ٢٢١٤
52_Aa.JPG,ج م و ١٧٥٦
53_Aa.JPG,ن م ٣٦٣٤
54_Aa.JPG,ر ج ج ٢٦٨
55_Aa.JPG,ج ر د ٣١٧٩
56_Aa.JPG,ن ا س ٦١٢٩
57_Aa.JPG,ي ل ل ٣٧٤
58_Aa.JPG,ر ه ١٧٩٣
59_Aa.JPG,ا ن ق ٦٧١٨
60_Aa.JPG,ف م ل ٥٤٢
61_Aa.JPG,ب و س ٤٣٩
62_Aa.JPG,ج م ق ٨١٥١
63_Aa.JPG,ج م ن ٣٥٧
64_Aa.JPG,م ه ٩٦١٤
65_Aa.JPG,م س ١
66_Aa.JPG,س ر ل ٣٧١٩
67_Aa.JPG,م د ف ٥٨٢١
68_Aa.JPG,س ج ۷۲۲۳
69_Aa.JPG,ص و ١٦٥٥
70_Aa.JPG,ق ب ف ٤٥١٨
71_Aa.JPG,ق و ٦٧٢٧
72_Aa.JPG,ر ب ر ٨٤١٣
73_Aa.JPG,د س ر ٣٢٥٧
74_Aa.JPG,س ع و ٩٣٢١
75_Aa.JPG,ر س ق ٩٢٦١
76_Aa.JPG,د ن ٤١٥٧
77_Aa.JPG,د ٩٧١٦
78_Aa.JPG,ص ن ٦٦٧٨
79_Aa.JPG,ن ا م ٦۲۱۳
80_Aa.JPG,ل م ٩٢٨٣
81_Aa.JPG,ا ص ن ٦٢٩٣
82_Aa.JPG,ج د و ١٤٨
83_Aa.JPG,و و و ٧٧٧٧
84_Aa.JPG,ل ه  ص ١٥٩٢
85_Aa.JPG,ل ب م ٦۸۲۳
86_Aa.JPG,م ق ٨٨٣٩
87_Aa.JPG,ه س ١
88_Aa.JPG,ع ب ٢١٥٦
89_Aa.JPG,ه ع ٨١٦٧
90_Aa.JPG,ا و ع ٢٣٩٨
91_Aa.JPG,ا ر ٨٤٧٩
92_Aa.JPG,ا د ر ١٤١٩
93_Aa.JPG,ا ع ١٨٩٩
94_Aa.JPG,ب ر ط ٩٥١٤
95_Aa.JPG,ط ع  ج ٧٦٨٥
96_Aa.JPG,ع س ل ٤٤٤ 
97_Aa.JPG,ط ب ٣٢٦٥
98_Aa.JPG,ع ر ج ٤٤١٦
99_Aa.JPG,ق ر ب ٣٤٩٧
100_Aa.JPG,ا س د ٤٤٤٤
101_Aa.JPG,ا ج ه ٨٢٣٧
102_Aa.JPG,ا ي و ٤۷۳۹
103_Aa.JPG,ا ق ه ۲۱٤۸
104_Aa.JPG,د ر ر ٧٥٤
105_Aa.JPG,ي ل ل ٣٧٤
106_Aa.JPG,س ط د ١٥٤٨
107_Aa.JPG,م ه ٩٥١٤
108_Aa.JPG,ق م ر ٤٧٩
109_Aa.JPG,ط م ٤٥٦٧
110_Aa.JPG,د ر ٤١٦٣
111_Aa.JPG,ا ب ق ٦٢٣٥
112_Aa.JPG,ص ق ٥٤٩٥
113_Aa.JPG,ن ع ل ٦٩٢
114_Aa.JPG,ا ط ف ٣٧٥١
115_Aa.JPG,س د ه ٢٧٤
116_Aa.JPG,ي ر  ط ٤٢١
117_Aa.JPG,ا و ب ١٩٦٣
118_Aa.JPG,ع ر ج ٤٤١٦
119_Aa.JPG,ق ي ٨٨٢٦
120_Aa.JPG,ص و ١٦٥٥
121_Aa.JPG,س ه س ٤١٨٩
122_Aa.JPG,س ع ٩١٢٣
123_Aa.JPG,ج ل ق ٣٩٧
124_Aa.JPG,د ص أ ٧٢٣
125_Aa.JPG,أ ف ي ١٢٦٣
126_Aa.JPG,و ن ص ٩٤٨٥ 
127_Aa.JPG,ق ع ل ٩٤٦٥
128_Aa.JPG,ص ص ٧٧٩٣
129_Aa.JPG,ج و ١٨٥١
130_Aa.JPG,و و ه ٦١٢
131_Aa.JPG,س  و ط ٩٤٢
132_Aa.JPG,أ ب م ٤٥٨٤
133_Aa.JPG,ق أ ع ٨٦٩
134_Aa.JPG,ر ق ط ٦٨٩
135_Aa.JPG,ق ط أ ٨١٣١
136_Aa.JPG,ط ق ٦٩١٨
137_Aa.JPG,ق ف ف ٤٥٦
138_Aa.JPG,ط ط ٨٣٢٩
139_Aa.JPG,د ه ي ٨٩٣
140_Aa.JPG,ق ه ٩٣٥٩
141_Aa.JPG,س ق ص ٥١١٩
142_Aa.JPG,ر ه ٩٥٤١
143_Aa.JPG,س ق س ١٩٧
144_Aa.JPG,أ ب ن ٣٢٣٦
145_Aa.JPG,ن م ٦٧٩٧
146_Aa.JPG,ف ص ط ٥٦٨٢
147_Aa.JPG,ه ن ص ١٩٦٤
148_Aa.JPG,م ف ي ٩٦٤٨
149_Aa.JPG,ص و ١٦٥٥
150_Aa.JPG,أ ن ل ٦٤٨٩
151_Aa.JPG,ب أ ٧٦٨٨٨
152_Aa.JPG,ع د ط ٥٢٧١
153_Aa.JPG,ق ف ط ٧٦١
154_Aa.JPG,ه و ط ١٨٢٣
155_Aa.JPG,ق ف ن ٣٦٥
156_Aa.JPG,ه ر ع ١٦٥
157_Aa.JPG,ع ه ف ٩٤٨٥
158_Aa.JPG,ب ه ل ٩٨٥ 
159_Aa.JPG,ف د ط ٦٧٨
160_Aa.JPG,أ د ع ٦٤٨٢
161_Aa.JPG,س ج ٩٦٩٥
162_Aa.JPG,ف د ه ٦٣٨
163_Aa.JPG,ق ب ط ٤٥١
164_Aa.JPG,ي ل ل ٣٧٤
165_Aa.JPG,ج و ه  ٤٣١
166_Aa.JPG,ر ي س ١
167_Aa.JPG,د ع ن ٦٢٩
168_Aa.JPG,م أ ي ١٩٧
IMG-1.jpg,ف ب أ  ٦٩٨
IMG-2.jpg,ن ط ب  ٣٩٥
IMG-3.jpg,ب أ د  ٢٨٤٣
IMG-4.jpg,ط م ج  ٥٩٨
IMG-5.jpg,ر ن أ ٨٨٨٨
IMG-6.jpg,ر ر ر ١١١
IMG-7.jpg,ق م ر ٤٤٤
IMG-8.jpg,ص ق ر ٩٩٩٩
IMG-9.jpg,ر ع ب ١٣٢
IMG-10.jpg,أ س د ٦٦٦٦
IMG-11.jpg,أ  أ  أ   ٧٧٧٧
IMG-12.jpg,أ  أ  أ   ٨٨٨٨
IMG-13.jpg,ه ف أ  ١٤٧
IMG-14.jpg,ر ر ر  ٣٣٣٣
IMG-15.jpg,ط ر ى  ٣٨٤
IMG-16.jpg,د و ج  ٧٢٩١
IMG-17.jpg,و ق ع  ٤٥٧
IMG-18.jpg,ل و ل  ١١١
IMG-19.jpg,ع د ل  ٧٤٢
IMG-20.jpg,أ ن س  ٧٧٧٧
IMG-21.jpg,س س س  ٤٤٤٤
IMG-22.jpg,ه ف أ  ٦٢٣
IMG-23.jpg,أ  ف ر  ٤٦٨١
IMG-24.jpg,ل م س  ٣٤٨
IMG-25.jpg,ف ج س  ٣٩٧٥
IMG-26.jpg,س د ب  ٨٧٦٧
IMG-27.jpg,م ص ر  ٦٦٦٦
IMG-28.jpg,ل ب ن  ٧١٠
IMG-29.jpg,ب ط ل  ١١١
IMG-30.jpg,أ ن س  ١
IMG-31.jpg,س س  ٧٧٧٧
IMG-32.jpg,ر ر ر  ١١١
IMG-33.jpg,ب و س ٧٦٥
IMG-34.jpg,س م ر  ٦٦٦
IMG-35.jpg,ر ى س  ٦٦٦٦
IMG-36.jpg,ف ر س ٦٦٦
IMG-37.jpg,د ن ٥٢٩٦
IMG-38.jpg,ل ن  ٣١٦١
IMG-39.jpg,س أ  أ   ٢١٨٨
IMG-40.jpg,ر ى س  ٦٦٦٦
IMG-41.jpg,ى ق ر  ٧١٢٨
IMG-42.jpg,أ  د ر   ٦٩٦٧
IMG-43.jpg,ب ج س  ٩٣٧١
IMG-44.jpg,أ  ى ج  ٧٤١٣ 
IMG-45.jpg,أ  م ن  ٨٢٥٣
IMG-46.jpg,أ ل و  ١٦٤٨
IMG-47.jpg,أ ق س  ١٧٤٩
IMG-48.jpg,أ ط ن ٥٦٤٣
IMG-49.jpg,ق أ  ف  ٨٦٤٣
IMG-50.jpg,ص و ن  ٩٤٣٢
IMG-51.jpg,ج ر ل  ٥٣٦
IMG-52.jpg,ل و  ٤٨٥٣
IMG-53.jpg,ب ط ص ٢٧٩١
IMG-54.jpg,و ج ط ٢٦١
IMG-55.jpg,أ ى ٧٦٧١
IMG-56.jpg,ه ب و ١٩٢
IMG-57.jpg,أ ج ى ٢٤٥٢
IMG-58.jpg,ر ص ط ٤٦٧٨
IMG-59.jpg,أ ق و ٧٨٦١
IMG-60.jpg,أ ب ف ٣٦٤٩
IMG-61.jpg,م د ٦٩٨٢
IMG-62.jpg,ع ط ص ٧٤٨٥
IMG-63.jpg,أ ط ق ٨٣٥١
IMG-64.jpg,ف ب د ٢٨٦١
IMG-65.jpg,ن ص ص ٢٤٩
IMG-66.jpg,ر ق ه ٦١٥
IMG-67.jpg,ه ج ٦١٣٥
IMG-68.jpg,م ى ٢٨٦٥
IMG-69.jpg,ج ط ر ٧٦٢٣
IMG-70.jpg,ج ل ى ٩٨٤
IMG-71.jpg,أ ع س ١٥٩٤
IMG-72.jpg,ع ل ب ٥١٣٧
IMG-73.jpg,أ ص و ٤٩٧٢
IMG-74.jpg,ب م ٨٢٣٦
IMG-75.jpg,م ف ى ٣٢٥٩
IMG-76.jpg,ر و ى ٨٦٤٥
IMG-77.jpg,س ص ب ٩١٧
IMG-78.jpg,ق ب ز ٥٨٩٤
IMG-79.jpg,ل و ٤٨٥٣
IMG-80.jpg,ج و ع ٤١٢
IMG-81.jpg,ل أ ع ٢٦٨١
IMG-82.jpg,أ د ع ٨٤١٩
IMG-83.jpg,ب و ن ١٨٧
IMG-84.jpg,ى ص ٢٦١١
IMG-85.jpg,ق ص و ٣٦٨٢
IMG-86.jpg,ج ف ١٧٣٣
IMG-87.jpg,ع ى أ ٨٣٩
IMG-88.jpg,ه ر أ ٤٦١٤
IMG-89.jpg,و ف ٨٩٨٣
IMG-90.jpg,ط ص ج ٨٥٢٥
IMG-91.jpg,ص ف ع ٩١٣
IMG-92.jpg,أ ب ف ٧٥١٥
IMG-93.jpg,ف ن ص ٨٣٢٥
IMG-94.jpg,ص ن ٤٣٧٥
IMG-95.jpg,م ب ه ٥١٤
IMG-96.jpg,أ ج س ٩٣٦٣
IMG-97.jpg,ق م ٢٣٢٧
IMG-98.jpg,أ  ف ط ٨٥٢٩
IMG-99.jpg,ف ف ٧٩٤٥
IMG-100.jpg,ط ف ٨١٦٢
IMG-101.jpg,ع ه ص ١٩٦٤
IMG-102.jpg,أ ع ه ٢٨٥٤
IMG-103.jpg,أ ب ن٥٩٧١
IMG-104.jpg,أ ل ج ٧٨٤٦
IMG-105.jpg,س ع د ١١١١
IMG-106.jpg,س ى أ ٩٢٥٩
IMG-107.jpg,ص أ ص ٦٦٦٦
IMG-108.jpg,ط و د ٤٨٥٨
IMG-109.jpg,أ ق ه ٩٨٥٢
IMG-110.jpg,ط و ل ٢٥٤٨ 
IMG-111.jpg,أ س ق ٢٧٤١
IMG-112.jpg,أ ه ج ٤١٣٦
IMG-113.jpg,أ ب ه ٣٨٧٣
IMG-114.jpg,أ ج ه  ٥١٧٩
IMG-115.jpg,أ  ج ق ٨٧٤٥
IMG-116.jpg,ط ج ب ٦٥٩٤
IMG-117.jpg,ى أ ه ٧٣٢٦
IMG-118.jpg,أ ب ف ٣٥١٥
IMG-119.jpg,أ ب ن ٨٥٣٦
IMG-120.jpg,أ ف م ٨٣١٦
IMG-121.jpg,أ ه ط ٣٨٤٩
IMG-122.jpg,أ ب س ٦٨٩٣
IMG-123.jpg,أ ه ق ١٣٢٥
IMG-124.jpg,أ أ ج ٨٣١٩
IMG-125.jpg,أ ع ق ٥٣٤٢
IMG-126.jpg,ق ن ى ٢٣٦١
IMG-127.jpg,ه و ج ٧٦٩١
IMG-128.jpg,أ ب ع ٤٩٦٨
IMG-129.jpg,أ ه ن ٤٧٦٨
IMG-130.jpg,ق س ع ٦٤٧٢
IMG-131.jpg,م ب ه ٥١٤
IMG-132.jpg,د ف ١٢٨٦
IMG-133.jpg,ر أ ب ٩٨٤٩
IMG-134.jpg,أ ب ع ٥٨٦١
IMG-135.jpg,ق م ٢٣٢٧
IMG-136.jpg,أ ب ف ٧٥١٥
IMG-137.jpg,ط ص ج ٨٥٢٥
IMG-138.jpg,ص ن ٤٣٧٥
IMG-139.jpg,أ س ق ٧١٦٤
IMG-140.jpg,أ ج س ٩٣٦٣
IMG-141.jpg,ج س ى ٧٢١
IMG-142.jpg,ط ر ه ٢٦٣٤
IMG-143.jpg,أ س ع ٢٩١٥
IMG-144.jpg,ص ف ع ٩١٣
IMG-145.jpg,ط ف ٨١٦٢
IMG-146.jpg,ف ف ٧٩٤٥
IMG-147.jpg,ع ق ج ٢٦٢
IMG-148.jpg,أ ف ط ٨٥٢٩
IMG-149.jpg,س ف ن ٢٣٤٩
IMG-150.jpg,ن أ ل ٣٧٢٩
EGY_Plate1,د س س  6 3 8
EGY_Plate2,ق ط و  2 4 3 5
EGY_Plate3,ق أ س  4 1 3 9
EGY_Plate4,ج ن  3 2 3 7
EGY_Plate5,ق ص ب 9 6 7 3
EGY_Plate6,س ص ج 8 2 2 1
EGY_Plate7,أ ر ل 6 2 8 3 
EGY_Plate8,ق م ع  1 4 3 8
EGY_Plate9,ق أ س  8 5 3 4
EGY_Plate10,ق س ب  6 1 8 7
EGY_Plate11,ق ع س 6 7 4 3
EGY_Plate12,ق أ  أ  9 4 1 5
EGY_Plate13,ق ه ى  8 8 8 8
EGY_Plate14,ج ن  9 8 6 2 
EGY_Plate15,ق ع س 7 8 5 2
EGY_Plate16,ق ل س  6 1 5 9
EGY_Plate17,ج ف 5 8 7 5
EGY_Plate18,ر ن 5 2 1 5
EGY_Plate19,ق ه ى  4 3 7 7
EGY_Plate20,ق ع ص  7 6 2 1
EGY_Plate21,ب م و 1 2 9
EGY_Plate22,ق ن ه  2 8 7 5
EGY_Plate23,ق ه س  7 6 3 4 
EGY_Plate24,أ ع ى 1 3 9 4
EGY_Plate25,أ ى ج 1 1 8 4
EGY_Plate26,أ د ل 2 9 8 5 
EGY_Plate27,ج ى ق 3 9 5 4
EGY_Plate28,أ ب ط 1 7 5 1
EGY_Plate29,ق ع ل  7 6 8 4
EGY_Plate30,ق ه ى  7 9 1 9 
EGY_Plate31,ق س ب  4 1 3 7
EGY_Plate32,ق ه ى  7 7 8 8
EGY_Plate33,ق ع س  5 4 8 1 
EGY_Plate34,ج م ه 1 3 2 9 
EGY_Plate35,ق ب ف 2 5 1 6
EGY_Plate36,ق ج س  6 2 8 9
EGY_Plate37,ج ب د  8 6 6 3   
EGY_Plate38,ف د ط 8 3 2 6 
EGY_Plate39,ص ن  2 9 7 4 
EGY_Plate40,س و  2 9 2 5
EGY_Plate41,ن ل 9 4 5 2
EGY_Plate42,س م 2 1 4 5
EGY_Plate43,س ج ى 5 6 5 2
EGY_Plate44,س ر س 8 6 1 5
EGY_Plate45,ب ج  1 5 1 8
EGY_Plate46,ن ص ى 9 4 8 
EGY_Plate47,ه ى ط 4 5 1 3 
EGY_Plate48,س م ر  6 6 6
EGY_Plate49,م ف ه  1 9 4 
EGY_Plate50,ج ر ه 3 9 7 5 
EGY_Plate51,ر و ص 1 6 5 
EGY_Plate52,أ ى ج 8 7 6 5
EGY_Plate53,ص أ م  1 3 7 1
EGY_Plate54,ب د 3 8 2 8 
EGY_Plate55,ن ب أ 4 3 9 1
EGY_Plate56,ع ف 2 7 5 8
EGY_Plate57,ع أ ع 4 3 2
EGY_Plate58,م ق ب 4 6 5 8 
EGY_Plate59,أ ق ه 9 8 7 6
EGY_Plate60,س ج ى 9 3 6 4 
EGY_Plate61,د ف ب 2 8 8 5
EGY_Plate62,ل و 7 1 3 4
EGY_Plate63,ب و 9 6 1 2
EGY_Plate64,أ د و 9 6 9 1
EGY_Plate65,م م ع 7 3 6 
EGY_Plate66,ج ط ر 7 4 6 3 
EGY_Plate67,س ع ر 2 8 8 6
EGY_Plate68,ر ف و 9 4 6 8 
EGY_Plate69,ص ف 9 6 3 8
EGY_Plate70,أ د 3 8 2 7 
EGY_Plate71,ب ن 3 8 5 7
EGY_Plate72,و ب 8 5 3 2
EGY_Plate73,ط  و 7 3 8 7 
EGY_Plate74,ج ب 4 2 5 9
EGY_Plate75,و ن 1 8 6 5 
EGY_Plate76,د م 8 7 5 3 
EGY_Plate77,د ق 5 5 8 7
EGY_Plate78,د ه 9 5 5 7
EGY_Plate79,ه و ص 2 9 3 1
EGY_Plate80,ى ن 5 1 9 8 
EGY_Plate81,ط ع 3 8 4 6
EGY_Plate82,ى د  ر 5 4 1 9
EGY_Plate83,ب ص ل  3 6 2
EGY_Plate84,م ص  2 3 7 5 
EGY_Plate85,و م 7 6 4 8
EGY_Plate86,ه ط 5 3 8 6 
EGY_Plate87,ج ر ه 8 5 7 6
EGY_Plate88,ر و  3 5 9 3
EGY_Plate89,ع ب  4 7 1 9
EGY_Plate90,ق ى  3 7 8 1 
EGY_Plate91,ص أ  2 2 7 4
EGY_Plate92,ع ر ط  9 1 5
EGY_Plate93,ف أ 4 5 9 1 
EGY_Plate94,ط ع  6 3 8 5  
EGY_Plate95,ج ل 6 7 2 3 
EGY_Plate96,ه ج ص  1 4 7 8 
EGY_Plate97,د ه  8 1 9 4
EGY_Plate98,أ و 7 9 7 4
EGY_Plate99,ف ق 4 8 4 3
EGY_Plate100,د ن 9 8 7 6 
EGY_Plate101,ف ب 3 5 6 3
EGY_Plate102,ر ق 3 6 7 9
EGY_Plate103,ل ى 6 5 7 4
EGY_Plate104,ع م 4 3 9 1
EGY_Plate105,أ م ج 1 4 4 3
EGY_Plate106,ر ل 7 7 9 8
EGY_Plate107,أ ب ف  1 6 9
EGY_Plate108,ب و 1 9 8 5 
EGY_Plate109,ع م 8 5 7 6 
EGY_Plate110,س ع 9 5 8 2
EGY_Plate111,و ه 3 4 6 5
EGY_Plate112,ه ص ج 8 9 2
EGY_Plate113,ه ب 4 2 5 5
EGY_Plate114,أ ف 7 6 8 3
EGY_Plate115,ب ف 5 9 2 2
EGY_Plate116,ص ى 9 7 4 1 
EGY_Plate117,ف ب 5 9 9 4
EGY_Plate118,ق ص ل 6 8 5 7
EGY_Plate119,ق ه ى 7 4 6 1
EGY_Plate120,د ل 7 8 9 5
EGY_Plate121,ق ف س 1 9 4 5
EGY_Plate122,ق ه ن 4 8 9 6
EGY_Plate123,ق ر ى 5 4 3 6 
EGY_Plate124,و ج ى 3 2 5
EGY_Plate125,ر ه و 9 1 5 7
EGY_Plate126,ق ى 8 5 2 6
EGY_Plate127,ع ن 6 3 9 8
EGY_Plate128,س ط ف 8 5 7 4
EGY_Plate129,ط ب 3 9 4 1
EGY_Plate130,أ ط 7 7 3 6
EGY_Plate131,ص أ 9 1 2 2
EGY_Plate132,ط ع 6 5 7 3
EGY_Plate133,و م 1 1 7 8
EGY_Plate134,أ و 8 7 8 3
EGY_Plate135,ق ب 3 1 5 3 
EGY_Plate136, س ف 4 5 2 8
EGY_Plate137,ق ج و 2 9 3 4
EGY_Plate138,ب د ج 1 2 9
EGY_Plate139,س ه 5 4 4 1
EGY_Plate140,د ق ج 7 5 8 3
EGY_Plate141,ر و 5 3 7 9
EGY_Plate142,س ى ج 4 9 4 8
EGY_Plate143,ط ق ج 7 3 9
EGY_Plate144,أ س ص 3 5 8 7
EGY_Plate145,ف ق و 1 5 3
EGY_Plate146,س ف س 7 8 2 5
EGY_Plate147,ص أ 4 6 5 9 
EGY_Plate148,ب ق ط 1 9 2 8
EGY_Plate149,أ ل ف 2 9 4 8 
EGY_Plate150,ب ى ص 6 8 1 9
r_1.jpg,أ ب س ٢ ٦ ٢ ٤
r_2.jpg,م د ص ٢ ٨ ١ ٩
r_3.jpg,أ ع و ٤ ٦ ٥ ٩ 
r_4.jpg,س أ ب ٦ ٣ ٦ ٩
r_5.jpg,ع ج ص ٧ ٤ ٥ ٨
r_6.jpg,ر ه ى ٧ ٥ ٦ ٣
r_7.jpg,ع أ ى ٥ ١ ٧ ٨
r_8.jpg,أ د ن ٧ ١ ٩ ١ 
r_9.jpg,أ و ن ٨ ٩ ٥ ٧
r_10.jpg,ق س ل ٧ ٦ ٤ ٥
r_11.jpg,ر أ ص ٨ ١ ٨ ٥
r_12.jpg,ص ج أ ٤ ٧ ٩ ٤
r_13.jpg,ق ن ه ٣ ٧ ١ ٦
r_14.jpg,ب أ ف ٣ ٨ ٦ ٤
r_15.jpg,ق أ أ ٤ ١ ٧ ٦
r_16.jpg,ق ب س ٦ ٥ ٩ ٧
r_17.jpg,ق د ب ٤ ٩ ٣ ٧ 
r_18.jpg,أ ف ى ١ ٩ ٢ ٤ 
r_19.jpg,ر ق م ٦ ٣ ٢ ٤
r_20.jpg,د م ج ٣ ١ ٥ ٧
r_21.jpg,ع ل ط ٧ ٢ ٨ ٩
r_22.jpg,م ن ط ٨ ٣ ٧ ٩
r_23.jpg,أ ب س ٢ ٦ ٢ ٤
r_24.jpg,ط ل ر ٧ ٨ ٢ ٧
r_25.jpg,ع ط ص ٨ ٩ ٧ ٣
r_26.jpg,ر ف ق ٩ ٨ ٥ ٧
r_27.jpg,أ م ج ٤ ٣ ١ ٦ 
r_28.jpg,د ن ف ٣ ٩ ٥ ٦
r_29.jpg,م ه ط ٦ ٤ ١ ٢
r_30.jpg,ن ه س ٢ ٨ ٦ ٧
r_31.jpg,ج ب ج ٧ ٣ ١ ٧
r_32.jpg,ط س د ٧ ٨ ٦ ١
r_33.jpg,ق ج ل ١ ٧ ٦ ٢
r_34.jpg,م ه ص ٨ ٩ ٦ ٥
r_35.jpg,د م ب ٢ ٥ ٢ ٣
r_36.jpg,ق د ع ٢ ٣ ١ ٤
r_37.jpg,ع ق ب ١ ٨ ٥ ٩
r_38.jpg,ف ن ص ٥ ٢ ٣ ٨
r_39.jpg,م ص ط ٣ ٨ ٦ ٧
r_40.jpg,س ق أ ٩ ٤ ٧ ٧
r_41.jpg,ل ب ص ٥ ١ ٣ ٧
r_42.jpg,ل ب م ٧ ٩ ٦ ٥ 
r_43.jpg,ب س ر ٧ ٥ ٩ ٣ 
r_44.jpg,د ه ط ٨ ٧ ١ ٤
r_45.jpg,أ ى ف ٩ ٢ ٧ ٦
r_46.jpg,أ ف ع ٨ ٤ ٥ ١
r_47.jpg,م ص س ٢ ٧ ٥ ٤
r_48.jpg,د أ ف ١ ٣ ٧ ٦ 
r_49.jpg,د ر ب ٨ ٨ ٣ ٥
r_50.jpg,أ س ه ٦ ٩ ٧ ٥
r_51.jpg,أ ق ج ٤ ٦ ١ ٣ 
r_52.jpg,ر ق ط ٢ ٣ ٤ ٨ 
r_53.jpg,م ف ط ٨ ١ ٤ ٧ 
r_54.jpg,أ ب ن ٩ ٧ ١ ٢
r_55.jpg,ب أ ن ٤ ٥ ٩ ٨
r_56.jpg,س ى ى ٥ ٢ ٩ ٩
r_57.jpg,أ ل ع ٤ ٥ ٣ ٢
r_58.jpg,م س ع ٨ ٩ ٧ ٤ 
r_59.jpg,ق ر ى ١ ٢ ٧ ٨ 
r_60.jpg,ع أ ص ٦ ٥ ٧ ١ 
r_61.jpg,ع ق ج ٦ ٦ ٩ ٨
r_62.jpg,أ ر د ٢ ١ ٥ ١
r_63.jpg,ع د ب ٨ ٧ ٣ ٨ 
r_64.jpg,ق أ ى ٦ ٨ ٤ ٥ 
r_65.jpg,م و ب ٤ ٦ ١ ٥
r_66.jpg,م و ر ٨ ٦ ٧ ٤
r_67.jpg,د ل ق ٣ ٩ ٤ ١
r_68.jpg,د ف ج ٩ ٦ ٥ ٨ 
r_69.jpg,ص م ص ٥ ٩ ٣ ٧
r_70.jpg,ق م ف ٧ ٣ ٦ ١
r_71.jpg,ع ل ط ٧ ١ ٣ ٦
r_72.jpg,ن ى س ٤ ٦ ٧ ٣
r_73.jpg,أ ى ع ٢ ٣ ٧ ٨ 
r_74.jpg,د ر ى ٣ ٢ ٧ ٤
r_75.jpg,ر د و ٦ ٨ ٣ ٩
r_76.jpg,أ ف ع ٩ ٨ ٦ ٤
r_77.jpg,أ ج م ٧ ٤ ٢ ٥
r_78.jpg,ق ن ى ٥ ٢ ١ ٦
r_79.jpg,ر ب ل ٨ ٣ ٤ ٢
r_80.jpg,س ع ص ٣ ٣ ٢ ٦
r_81.jpg,م أ ف ٧ ١ ٦ ٥
r_82.jpg,م د ه ٣ ٩ ٤ ٢ 
r_83.jpg,م ع ص ٥ ٤ ٦ ١
r_84.jpg,أ ل ص ١ ٦ ٧ ٨
r_85.jpg,أ ط ع ٤ ٦ ٨ ٩ 
r_86.jpg,د أ ب ٥ ٤ ٨ ٥
r_87.jpg,س ق ص ٩ ١ ١ ٥
r_88.jpg,م ف ى ٩ ٨ ٤ ٦ 
r_89.jpg,ف ج ل ٧ ٢ ١ ٦
r_90.jpg,ق ف ه ١ ٤ ٩ ٥
r_91.jpg,ر ع أ ٢ ١ ٥ ٦
r_92.jpg,م ى ر ٤ ٥ ٦ ٤
r_93.jpg,أ ع ق ٢ ٤ ٥ ٣
r_94.jpg,د أ ر ٣ ٦ ٨ ٩
r_95.jpg,أ ر ط ٧ ٤ ٢ ٧ 
r_96.jpg,ع ى ط ٦ ٨ ٧ ٤
r_97.jpg,م ص ب ٧ ٨ ٩ ١
r_98.jpg,أ ل ق ١ ٦ ٤ ٨ 
r_99.jpg,ر ف أ ٣ ٧ ٤ ٣
r_100.jpg,أ ف ص ٧ ٤ ٦ ٢
r_101.jpg,أ ق ى ٦ ٣ ٥ ١
r_102.jpg,ف ص ط ٩ ٤ ٦ ١
r_103.jpg,ق م ن ٤ ٧ ٩ ٥
r_104.jpg,م أ ع ٨ ٥ ٧ ١
r_105.jpg,أ م ج ٩ ٨ ٥ ٩
r_106.jpg,س ر س ٣ ٧ ٩ ١
r_107.jpg,أ ف م ٣ ٤ ٩ ٨ 
r_108.jpg,ق ط و ٩ ٤ ٢ ١
r_109.jpg,م ل ع ٦ ٧ ٩ ١
r_110.jpg,ع م ب ٢ ١ ٢ ٩
r_111.jpg,ر م ص ٤ ٢ ٦ ٧ 
r_112.jpg,أ ط ف ٩ ٣ ١ ٦ 
r_113.jpg,ى س ر ٢ ٩ ٣ ٥
r_114.jpg,أ ط ج ٣ ٧ ٥ ٨
r_115.jpg,أ ج ع ٤ ٦ ٨ ١
r_116.jpg,م ع ه ٦ ٧ ٤ ٢
r_117.jpg,ط ج م ٥ ٨ ٦ ٩
r_118.jpg,ع ط ب ٣ ٦ ٤ ٣
r_119.jpg,أ س ه ٥ ٧ ٨ ٤ 
r_120.jpg,أ ب ع ٨ ٢ ٧ ٤
r_121.jpg,م ع ط ٤ ٦ ٣ ٥
r_122.jpg,م ن ع ٢ ٥ ٤ ١
r_123.jpg,م س ص ٦ ٧ ٤ ١
r_124.jpg,أ ق ع ٣ ٩ ٥ ١
r_125.jpg,م و ع ٧ ٢ ٩ ٥ 
r_126.jpg,ع س ج ٢ ٧ ٦ ٢ 
r_127.jpg,م ل ف ٨ ٩ ٧ ٦
r_128.jpg,م ق ط ٨ ٩ ٤ ٥
r_129.jpg,أ ج ه ٣ ٢ ٤ ٩
r_130.jpg,م و ب ٢ ٧ ٤ ٨
r_131.jpg,م ر س ٢ ٧ ٤ ٨ 
r_132.jpg,م ط أ ١ ٨ ٢ ٣
r_133.jpg,م ن ط ٨ ٤ ٩ ٤
r_134.jpg,م د ف ٦ ٥ ٤ ٨
r_135.jpg,م ر ص ٣ ٧ ٤ ٥
r_136.jpg,م ر أ ٣ ٨ ٢ ٩
r_137.jpg,م ر أ ٣ ٨ ٢ ٩
r_138.jpg,م ل ع ٨ ٤ ٥ ٩
r_139.jpg,ع ق ب ٦ ٣ ١ ٤
r_140.jpg,م د ه ١ ٣ ٧ ٥
r_141.jpg,م د ف ٨ ٧ ٢ ٩
r_142.jpg,م ر ص ٦ ٤ ٧ ٨
r_143.jpg,م و ع ٦ ٨ ٢ ٩ 
r_144.jpg,م ع ه ٥ ٢ ٤ ١
r_145.jpg,م ه ط ٩ ٧ ٨ ٥
r_146.jpg,م د أ ٧ ١ ٦ ٥ 
r_147.jpg,م ر أ ٥ ١ ٦ ٣
r_148.jpg,م ط ه ٩ ٦ ٥ ٢
r_149.jpg,م ص ق ٢ ٧ ١ ٥
r_150.jpg,م و ع ٣ ٨ ٩ ٤
r_151.jpg,م ص ط ٢ ٤ ٣ ٦
